-- phpMyAdmin SQL Dump
-- version 3.4.11.1deb1
-- http://www.phpmyadmin.net
--
-- Host: localhost
-- Generation Time: Sep 05, 2013 at 02:39 PM
-- Server version: 5.5.32
-- PHP Version: 5.4.6-1ubuntu1.3

SET SQL_MODE="NO_AUTO_VALUE_ON_ZERO";
SET time_zone = "+00:00";


/*!40101 SET @OLD_CHARACTER_SET_CLIENT=@@CHARACTER_SET_CLIENT */;
/*!40101 SET @OLD_CHARACTER_SET_RESULTS=@@CHARACTER_SET_RESULTS */;
/*!40101 SET @OLD_COLLATION_CONNECTION=@@COLLATION_CONNECTION */;
/*!40101 SET NAMES utf8 */;

--
-- Database: `bcs`
--

-- --------------------------------------------------------

--
-- Table structure for table `polls`
--

DROP TABLE IF EXISTS `polls`;
CREATE TABLE IF NOT EXISTS `polls` (
  `id` int(11) NOT NULL AUTO_INCREMENT,
  `name` varchar(75) COLLATE utf8_unicode_ci NOT NULL,
  `start_price` decimal(5,2) NOT NULL,
  `discount` decimal(3,2) NOT NULL,
  PRIMARY KEY (`id`)
) ENGINE=InnoDB  DEFAULT CHARSET=utf8 COLLATE=utf8_unicode_ci AUTO_INCREMENT=5 ;

--
-- Dumping data for table `polls`
--

INSERT INTO `polls` (`id`, `name`, `start_price`, `discount`) VALUES
(1, 'BCS', 100.00, 0.03),
(2, 'Harris', 100.00, 0.03),
(3, 'AP', 100.00, 0.03),
(4, 'Coaches', 100.00, 0.03);

-- --------------------------------------------------------

--
-- Table structure for table `ranks`
--

DROP TABLE IF EXISTS `ranks`;
CREATE TABLE IF NOT EXISTS `ranks` (
  `id` int(11) NOT NULL AUTO_INCREMENT,
  `team` tinyint(3) unsigned NOT NULL,
  `rank` tinyint(3) unsigned NOT NULL,
  `poll` tinyint(3) unsigned NOT NULL,
  `week` tinyint(3) NOT NULL,
  `year` year(4) NOT NULL,
  `price` decimal(5,2) NOT NULL,
  `timestamp` timestamp NOT NULL DEFAULT CURRENT_TIMESTAMP,
  PRIMARY KEY (`id`)
) ENGINE=InnoDB  DEFAULT CHARSET=utf8 COLLATE=utf8_unicode_ci AUTO_INCREMENT=2611 ;

--
-- Dumping data for table `ranks`
--

INSERT INTO `ranks` (`id`, `team`, `rank`, `poll`, `week`, `year`, `price`, `timestamp`) VALUES
(1, 89, 1, 1, 8, 2010, 100.00, '2013-09-05 21:04:52'),
(2, 92, 2, 1, 8, 2010, 97.00, '2013-09-05 21:04:52'),
(3, 32, 3, 1, 8, 2010, 94.00, '2013-09-05 21:04:52'),
(4, 2, 4, 1, 8, 2010, 91.00, '2013-09-05 21:04:52'),
(5, 108, 5, 1, 8, 2010, 88.00, '2013-09-05 21:04:52'),
(6, 51, 6, 1, 8, 2010, 85.00, '2013-09-05 21:04:52'),
(7, 60, 7, 1, 8, 2010, 82.00, '2013-09-05 21:04:52'),
(8, 1, 8, 1, 8, 2010, 79.00, '2013-09-05 21:04:52'),
(9, 116, 9, 1, 8, 2010, 76.00, '2013-09-05 21:04:52'),
(10, 87, 10, 1, 8, 2010, 73.00, '2013-09-05 21:04:53'),
(11, 66, 11, 1, 8, 2010, 70.00, '2013-09-05 21:04:53'),
(12, 14, 12, 1, 8, 2010, 67.00, '2013-09-05 21:04:53'),
(13, 124, 13, 1, 8, 2010, 64.00, '2013-09-05 21:04:53'),
(14, 90, 14, 1, 8, 2010, 61.00, '2013-09-05 21:04:53'),
(15, 41, 15, 1, 8, 2010, 58.00, '2013-09-05 21:04:53'),
(16, 67, 16, 1, 8, 2010, 55.00, '2013-09-05 21:04:53'),
(17, 24, 17, 1, 8, 2010, 52.00, '2013-09-05 21:04:53'),
(18, 6, 18, 1, 8, 2010, 49.00, '2013-09-05 21:04:53'),
(19, 109, 19, 1, 8, 2010, 46.00, '2013-09-05 21:04:53'),
(20, 123, 20, 1, 8, 2010, 43.00, '2013-09-05 21:04:53'),
(21, 98, 21, 1, 8, 2010, 40.00, '2013-09-05 21:04:53'),
(22, 44, 22, 1, 8, 2010, 37.00, '2013-09-05 21:04:53'),
(23, 8, 23, 1, 8, 2010, 34.00, '2013-09-05 21:04:53'),
(24, 63, 24, 1, 8, 2010, 31.00, '2013-09-05 21:04:53'),
(25, 119, 25, 1, 8, 2010, 28.00, '2013-09-05 21:04:53'),
(26, 2, 1, 1, 9, 2010, 100.00, '2013-09-05 21:04:54'),
(27, 92, 2, 1, 9, 2010, 97.00, '2013-09-05 21:04:54'),
(28, 32, 3, 1, 9, 2010, 94.00, '2013-09-05 21:04:54'),
(29, 108, 4, 1, 9, 2010, 91.00, '2013-09-05 21:04:54'),
(30, 60, 5, 1, 9, 2010, 88.00, '2013-09-05 21:04:54'),
(31, 66, 6, 1, 9, 2010, 85.00, '2013-09-05 21:04:54'),
(32, 1, 7, 1, 9, 2010, 82.00, '2013-09-05 21:04:54'),
(33, 116, 8, 1, 9, 2010, 79.00, '2013-09-05 21:04:54'),
(34, 89, 9, 1, 9, 2010, 76.00, '2013-09-05 21:04:54'),
(35, 124, 10, 1, 9, 2010, 73.00, '2013-09-05 21:04:54'),
(36, 87, 11, 1, 9, 2010, 70.00, '2013-09-05 21:04:54'),
(37, 51, 12, 1, 9, 2010, 67.00, '2013-09-05 21:04:54'),
(38, 14, 13, 1, 9, 2010, 64.00, '2013-09-05 21:04:55'),
(39, 67, 14, 1, 9, 2010, 61.00, '2013-09-05 21:04:55'),
(40, 6, 15, 1, 9, 2010, 58.00, '2013-09-05 21:04:55'),
(41, 24, 16, 1, 9, 2010, 55.00, '2013-09-05 21:04:55'),
(42, 90, 17, 1, 9, 2010, 52.00, '2013-09-05 21:04:55'),
(43, 41, 18, 1, 9, 2010, 49.00, '2013-09-05 21:04:55'),
(44, 8, 19, 1, 9, 2010, 46.00, '2013-09-05 21:04:55'),
(45, 98, 20, 1, 9, 2010, 43.00, '2013-09-05 21:04:55'),
(46, 63, 21, 1, 9, 2010, 40.00, '2013-09-05 21:04:55'),
(47, 25, 22, 1, 9, 2010, 37.00, '2013-09-05 21:04:55'),
(48, 119, 23, 1, 9, 2010, 34.00, '2013-09-05 21:04:55'),
(49, 68, 24, 1, 9, 2010, 31.00, '2013-09-05 21:04:55'),
(50, 103, 25, 1, 9, 2010, 28.00, '2013-09-05 21:04:55'),
(51, 92, 1, 1, 10, 2010, 100.00, '2013-09-05 21:04:56'),
(52, 2, 2, 1, 10, 2010, 97.00, '2013-09-05 21:04:56'),
(53, 108, 3, 1, 10, 2010, 94.00, '2013-09-05 21:04:56'),
(54, 32, 4, 1, 10, 2010, 91.00, '2013-09-05 21:04:56'),
(55, 116, 5, 1, 10, 2010, 88.00, '2013-09-05 21:04:56'),
(56, 1, 6, 1, 10, 2010, 85.00, '2013-09-05 21:04:56'),
(57, 67, 7, 1, 10, 2010, 82.00, '2013-09-05 21:04:56'),
(58, 89, 8, 1, 10, 2010, 79.00, '2013-09-05 21:04:56'),
(59, 124, 9, 1, 10, 2010, 76.00, '2013-09-05 21:04:56'),
(60, 51, 10, 1, 10, 2010, 73.00, '2013-09-05 21:04:57'),
(61, 87, 11, 1, 10, 2010, 70.00, '2013-09-05 21:04:57'),
(62, 66, 12, 1, 10, 2010, 67.00, '2013-09-05 21:04:57'),
(63, 14, 13, 1, 10, 2010, 64.00, '2013-09-05 21:04:57'),
(64, 60, 14, 1, 10, 2010, 61.00, '2013-09-05 21:04:57'),
(65, 6, 15, 1, 10, 2010, 58.00, '2013-09-05 21:04:57'),
(66, 41, 16, 1, 10, 2010, 55.00, '2013-09-05 21:04:57'),
(67, 90, 17, 1, 10, 2010, 52.00, '2013-09-05 21:04:57'),
(68, 8, 18, 1, 10, 2010, 49.00, '2013-09-05 21:04:57'),
(69, 98, 19, 1, 10, 2010, 46.00, '2013-09-05 21:04:57'),
(70, 63, 20, 1, 10, 2010, 43.00, '2013-09-05 21:04:57'),
(71, 103, 21, 1, 10, 2010, 40.00, '2013-09-05 21:04:57'),
(72, 119, 22, 1, 10, 2010, 37.00, '2013-09-05 21:04:57'),
(73, 68, 23, 1, 10, 2010, 34.00, '2013-09-05 21:04:57'),
(74, 24, 24, 1, 10, 2010, 31.00, '2013-09-05 21:04:57'),
(75, 79, 25, 1, 10, 2010, 28.00, '2013-09-05 21:04:57'),
(76, 92, 1, 1, 11, 2010, 100.00, '2013-09-05 21:04:58'),
(77, 2, 2, 1, 11, 2010, 97.00, '2013-09-05 21:04:58'),
(78, 108, 3, 1, 11, 2010, 94.00, '2013-09-05 21:04:58'),
(79, 32, 4, 1, 11, 2010, 91.00, '2013-09-05 21:04:58'),
(80, 51, 5, 1, 11, 2010, 88.00, '2013-09-05 21:04:58'),
(81, 14, 6, 1, 11, 2010, 85.00, '2013-09-05 21:04:58'),
(82, 124, 7, 1, 11, 2010, 82.00, '2013-09-05 21:04:58'),
(83, 67, 8, 1, 11, 2010, 79.00, '2013-09-05 21:04:58'),
(84, 87, 9, 1, 11, 2010, 76.00, '2013-09-05 21:04:58'),
(85, 90, 10, 1, 11, 2010, 73.00, '2013-09-05 21:04:58'),
(86, 60, 11, 1, 11, 2010, 70.00, '2013-09-05 21:04:58'),
(87, 1, 12, 1, 11, 2010, 67.00, '2013-09-05 21:04:58'),
(88, 41, 13, 1, 11, 2010, 64.00, '2013-09-05 21:04:58'),
(89, 116, 14, 1, 11, 2010, 61.00, '2013-09-05 21:04:59'),
(90, 8, 15, 1, 11, 2010, 58.00, '2013-09-05 21:04:59'),
(91, 89, 16, 1, 11, 2010, 55.00, '2013-09-05 21:04:59'),
(92, 66, 17, 1, 11, 2010, 52.00, '2013-09-05 21:04:59'),
(93, 6, 18, 1, 11, 2010, 49.00, '2013-09-05 21:04:59'),
(94, 63, 19, 1, 11, 2010, 46.00, '2013-09-05 21:04:59'),
(95, 119, 20, 1, 11, 2010, 43.00, '2013-09-05 21:04:59'),
(96, 68, 21, 1, 11, 2010, 40.00, '2013-09-05 21:04:59'),
(97, 22, 22, 1, 11, 2010, 37.00, '2013-09-05 21:04:59'),
(98, 98, 23, 1, 11, 2010, 34.00, '2013-09-05 21:04:59'),
(99, 44, 24, 1, 11, 2010, 31.00, '2013-09-05 21:04:59'),
(100, 110, 25, 1, 11, 2010, 28.00, '2013-09-05 21:04:59'),
(101, 92, 1, 1, 12, 2010, 100.00, '2013-09-05 21:05:00'),
(102, 2, 2, 1, 12, 2010, 97.00, '2013-09-05 21:05:00'),
(103, 108, 3, 1, 12, 2010, 94.00, '2013-09-05 21:05:00'),
(104, 32, 4, 1, 12, 2010, 91.00, '2013-09-05 21:05:00'),
(105, 51, 5, 1, 12, 2010, 88.00, '2013-09-05 21:05:00'),
(106, 14, 6, 1, 12, 2010, 85.00, '2013-09-05 21:05:00'),
(107, 124, 7, 1, 12, 2010, 82.00, '2013-09-05 21:05:00'),
(108, 67, 8, 1, 12, 2010, 79.00, '2013-09-05 21:05:00'),
(109, 87, 9, 1, 12, 2010, 76.00, '2013-09-05 21:05:00'),
(110, 90, 10, 1, 12, 2010, 73.00, '2013-09-05 21:05:00'),
(111, 1, 11, 1, 12, 2010, 70.00, '2013-09-05 21:05:00'),
(112, 60, 12, 1, 12, 2010, 67.00, '2013-09-05 21:05:00'),
(113, 8, 13, 1, 12, 2010, 64.00, '2013-09-05 21:05:00'),
(114, 89, 14, 1, 12, 2010, 61.00, '2013-09-05 21:05:00'),
(115, 66, 15, 1, 12, 2010, 58.00, '2013-09-05 21:05:01'),
(116, 119, 16, 1, 12, 2010, 55.00, '2013-09-05 21:05:01'),
(117, 98, 17, 1, 12, 2010, 52.00, '2013-09-05 21:05:01'),
(118, 68, 18, 1, 12, 2010, 49.00, '2013-09-05 21:05:01'),
(119, 110, 19, 1, 12, 2010, 46.00, '2013-09-05 21:05:01'),
(120, 41, 20, 1, 12, 2010, 43.00, '2013-09-05 21:05:01'),
(121, 63, 21, 1, 12, 2010, 40.00, '2013-09-05 21:05:01'),
(122, 6, 22, 1, 12, 2010, 37.00, '2013-09-05 21:05:01'),
(123, 116, 23, 1, 12, 2010, 34.00, '2013-09-05 21:05:01'),
(124, 25, 24, 1, 12, 2010, 31.00, '2013-09-05 21:05:01'),
(125, 24, 25, 1, 12, 2010, 28.00, '2013-09-05 21:05:01'),
(126, 92, 1, 1, 13, 2010, 100.00, '2013-09-05 21:05:02'),
(127, 2, 2, 1, 13, 2010, 97.00, '2013-09-05 21:05:02'),
(128, 108, 3, 1, 13, 2010, 94.00, '2013-09-05 21:05:02'),
(129, 32, 4, 1, 13, 2010, 91.00, '2013-09-05 21:05:02'),
(130, 51, 5, 1, 13, 2010, 88.00, '2013-09-05 21:05:02'),
(131, 14, 6, 1, 13, 2010, 85.00, '2013-09-05 21:05:02'),
(132, 124, 7, 1, 13, 2010, 82.00, '2013-09-05 21:05:02'),
(133, 87, 8, 1, 13, 2010, 79.00, '2013-09-05 21:05:02'),
(134, 90, 9, 1, 13, 2010, 76.00, '2013-09-05 21:05:02'),
(135, 60, 10, 1, 13, 2010, 73.00, '2013-09-05 21:05:02'),
(136, 1, 11, 1, 13, 2010, 70.00, '2013-09-05 21:05:02'),
(137, 8, 12, 1, 13, 2010, 67.00, '2013-09-05 21:05:02'),
(138, 89, 13, 1, 13, 2010, 64.00, '2013-09-05 21:05:03'),
(139, 66, 14, 1, 13, 2010, 61.00, '2013-09-05 21:05:03'),
(140, 67, 15, 1, 13, 2010, 58.00, '2013-09-05 21:05:03'),
(141, 119, 16, 1, 13, 2010, 55.00, '2013-09-05 21:05:03'),
(142, 110, 17, 1, 13, 2010, 52.00, '2013-09-05 21:05:03'),
(143, 98, 18, 1, 13, 2010, 49.00, '2013-09-05 21:05:03'),
(144, 68, 19, 1, 13, 2010, 46.00, '2013-09-05 21:05:03'),
(145, 116, 20, 1, 13, 2010, 43.00, '2013-09-05 21:05:03'),
(146, 6, 21, 1, 13, 2010, 40.00, '2013-09-05 21:05:03'),
(147, 24, 22, 1, 13, 2010, 37.00, '2013-09-05 21:05:03'),
(148, 79, 23, 1, 13, 2010, 34.00, '2013-09-05 21:05:03'),
(149, 41, 24, 1, 13, 2010, 31.00, '2013-09-05 21:05:03'),
(150, 63, 25, 1, 13, 2010, 28.00, '2013-09-05 21:05:03'),
(151, 2, 1, 1, 14, 2010, 100.00, '2013-09-05 21:05:04'),
(152, 92, 2, 1, 14, 2010, 97.00, '2013-09-05 21:05:04'),
(153, 108, 3, 1, 14, 2010, 94.00, '2013-09-05 21:05:04'),
(154, 14, 4, 1, 14, 2010, 91.00, '2013-09-05 21:05:04'),
(155, 124, 5, 1, 14, 2010, 88.00, '2013-09-05 21:05:04'),
(156, 87, 6, 1, 14, 2010, 85.00, '2013-09-05 21:05:04'),
(157, 8, 7, 1, 14, 2010, 82.00, '2013-09-05 21:05:04'),
(158, 60, 8, 1, 14, 2010, 79.00, '2013-09-05 21:05:04'),
(159, 89, 9, 1, 14, 2010, 76.00, '2013-09-05 21:05:04'),
(160, 51, 10, 1, 14, 2010, 73.00, '2013-09-05 21:05:04'),
(161, 32, 11, 1, 14, 2010, 70.00, '2013-09-05 21:05:04'),
(162, 66, 12, 1, 14, 2010, 67.00, '2013-09-05 21:05:04'),
(163, 67, 13, 1, 14, 2010, 64.00, '2013-09-05 21:05:04'),
(164, 90, 14, 1, 14, 2010, 61.00, '2013-09-05 21:05:05'),
(165, 119, 15, 1, 14, 2010, 58.00, '2013-09-05 21:05:05'),
(166, 1, 16, 1, 14, 2010, 55.00, '2013-09-05 21:05:05'),
(167, 68, 17, 1, 14, 2010, 52.00, '2013-09-05 21:05:05'),
(168, 110, 18, 1, 14, 2010, 49.00, '2013-09-05 21:05:05'),
(169, 98, 19, 1, 14, 2010, 46.00, '2013-09-05 21:05:05'),
(170, 116, 20, 1, 14, 2010, 43.00, '2013-09-05 21:05:05'),
(171, 24, 21, 1, 14, 2010, 40.00, '2013-09-05 21:05:05'),
(172, 63, 22, 1, 14, 2010, 37.00, '2013-09-05 21:05:05'),
(173, 6, 23, 1, 14, 2010, 34.00, '2013-09-05 21:05:05'),
(174, 123, 24, 1, 14, 2010, 31.00, '2013-09-05 21:05:05'),
(175, 35, 25, 1, 14, 2010, 28.00, '2013-09-05 21:05:05'),
(176, 2, 1, 1, 15, 2010, 100.00, '2013-09-05 21:05:06'),
(177, 92, 2, 1, 15, 2010, 97.00, '2013-09-05 21:05:06'),
(178, 108, 3, 1, 15, 2010, 94.00, '2013-09-05 21:05:06'),
(179, 14, 4, 1, 15, 2010, 91.00, '2013-09-05 21:05:06'),
(180, 124, 5, 1, 15, 2010, 88.00, '2013-09-05 21:05:06'),
(181, 87, 6, 1, 15, 2010, 85.00, '2013-09-05 21:05:06'),
(182, 89, 7, 1, 15, 2010, 82.00, '2013-09-05 21:05:06'),
(183, 8, 8, 1, 15, 2010, 79.00, '2013-09-05 21:05:06'),
(184, 60, 9, 1, 15, 2010, 76.00, '2013-09-05 21:05:06'),
(185, 32, 10, 1, 15, 2010, 73.00, '2013-09-05 21:05:06'),
(186, 51, 11, 1, 15, 2010, 70.00, '2013-09-05 21:05:06'),
(187, 66, 12, 1, 15, 2010, 67.00, '2013-09-05 21:05:06'),
(188, 119, 13, 1, 15, 2010, 64.00, '2013-09-05 21:05:07'),
(189, 90, 14, 1, 15, 2010, 61.00, '2013-09-05 21:05:07'),
(190, 68, 15, 1, 15, 2010, 58.00, '2013-09-05 21:05:07'),
(191, 1, 16, 1, 15, 2010, 55.00, '2013-09-05 21:05:07'),
(192, 110, 17, 1, 15, 2010, 52.00, '2013-09-05 21:05:07'),
(193, 67, 18, 1, 15, 2010, 49.00, '2013-09-05 21:05:07'),
(194, 116, 19, 1, 15, 2010, 46.00, '2013-09-05 21:05:07'),
(195, 98, 20, 1, 15, 2010, 43.00, '2013-09-05 21:05:07'),
(196, 63, 21, 1, 15, 2010, 40.00, '2013-09-05 21:05:07'),
(197, 123, 22, 1, 15, 2010, 37.00, '2013-09-05 21:05:07'),
(198, 24, 23, 1, 15, 2010, 34.00, '2013-09-05 21:05:07'),
(199, 31, 24, 1, 15, 2010, 31.00, '2013-09-05 21:05:07'),
(200, 27, 25, 1, 15, 2010, 28.00, '2013-09-05 21:05:07'),
(201, 51, 1, 1, 8, 2011, 100.00, '2013-09-05 21:05:08'),
(202, 1, 2, 1, 8, 2011, 97.00, '2013-09-05 21:05:08'),
(203, 89, 3, 1, 8, 2011, 94.00, '2013-09-05 21:05:08'),
(204, 90, 4, 1, 8, 2011, 91.00, '2013-09-05 21:05:08'),
(205, 32, 5, 1, 8, 2011, 88.00, '2013-09-05 21:05:08'),
(206, 124, 6, 1, 8, 2011, 85.00, '2013-09-05 21:05:08'),
(207, 97, 7, 1, 8, 2011, 82.00, '2013-09-05 21:05:08'),
(208, 14, 8, 1, 8, 2011, 79.00, '2013-09-05 21:05:08'),
(209, 8, 9, 1, 8, 2011, 76.00, '2013-09-05 21:05:08'),
(210, 92, 10, 1, 8, 2011, 73.00, '2013-09-05 21:05:08'),
(211, 44, 11, 1, 8, 2011, 70.00, '2013-09-05 21:05:08'),
(212, 119, 12, 1, 8, 2011, 67.00, '2013-09-05 21:05:08'),
(213, 67, 13, 1, 8, 2011, 64.00, '2013-09-05 21:05:09'),
(214, 98, 14, 1, 8, 2011, 61.00, '2013-09-05 21:05:09'),
(215, 123, 15, 1, 8, 2011, 58.00, '2013-09-05 21:05:09'),
(216, 60, 16, 1, 8, 2011, 55.00, '2013-09-05 21:05:09'),
(217, 110, 17, 1, 8, 2011, 52.00, '2013-09-05 21:05:09'),
(218, 59, 18, 1, 8, 2011, 49.00, '2013-09-05 21:05:09'),
(219, 104, 19, 1, 8, 2011, 46.00, '2013-09-05 21:05:09'),
(220, 2, 20, 1, 8, 2011, 43.00, '2013-09-05 21:05:09'),
(221, 94, 21, 1, 8, 2011, 40.00, '2013-09-05 21:05:09'),
(222, 30, 22, 1, 8, 2011, 37.00, '2013-09-05 21:05:09'),
(223, 34, 23, 1, 8, 2011, 34.00, '2013-09-05 21:05:09'),
(224, 109, 24, 1, 8, 2011, 31.00, '2013-09-05 21:05:09'),
(225, 120, 25, 1, 8, 2011, 28.00, '2013-09-05 21:05:09'),
(226, 51, 1, 1, 9, 2011, 100.00, '2013-09-05 21:05:10'),
(227, 1, 2, 1, 9, 2011, 97.00, '2013-09-05 21:05:10'),
(228, 90, 3, 1, 9, 2011, 94.00, '2013-09-05 21:05:10'),
(229, 32, 4, 1, 9, 2011, 91.00, '2013-09-05 21:05:10'),
(230, 97, 5, 1, 9, 2011, 88.00, '2013-09-05 21:05:10'),
(231, 14, 6, 1, 9, 2011, 85.00, '2013-09-05 21:05:10'),
(232, 92, 7, 1, 9, 2011, 82.00, '2013-09-05 21:05:10'),
(233, 44, 8, 1, 9, 2011, 79.00, '2013-09-05 21:05:10'),
(234, 89, 9, 1, 9, 2011, 76.00, '2013-09-05 21:05:10'),
(235, 8, 10, 1, 9, 2011, 73.00, '2013-09-05 21:05:10'),
(236, 60, 11, 1, 9, 2011, 70.00, '2013-09-05 21:05:10'),
(237, 119, 12, 1, 9, 2011, 67.00, '2013-09-05 21:05:10'),
(238, 98, 13, 1, 9, 2011, 64.00, '2013-09-05 21:05:10'),
(239, 67, 14, 1, 9, 2011, 61.00, '2013-09-05 21:05:10'),
(240, 124, 15, 1, 9, 2011, 58.00, '2013-09-05 21:05:10'),
(241, 110, 16, 1, 9, 2011, 55.00, '2013-09-05 21:05:10'),
(242, 104, 17, 1, 9, 2011, 52.00, '2013-09-05 21:05:10'),
(243, 59, 18, 1, 9, 2011, 49.00, '2013-09-05 21:05:11'),
(244, 94, 19, 1, 9, 2011, 46.00, '2013-09-05 21:05:11'),
(245, 112, 20, 1, 9, 2011, 43.00, '2013-09-05 21:05:11'),
(246, 7, 21, 1, 9, 2011, 40.00, '2013-09-05 21:05:11'),
(247, 28, 22, 1, 9, 2011, 37.00, '2013-09-05 21:05:11'),
(248, 2, 23, 1, 9, 2011, 34.00, '2013-09-05 21:05:11'),
(249, 109, 24, 1, 9, 2011, 31.00, '2013-09-05 21:05:11'),
(250, 123, 25, 1, 9, 2011, 28.00, '2013-09-05 21:05:11'),
(251, 51, 1, 1, 10, 2011, 100.00, '2013-09-05 21:05:12'),
(252, 1, 2, 1, 10, 2011, 97.00, '2013-09-05 21:05:12'),
(253, 90, 3, 1, 10, 2011, 94.00, '2013-09-05 21:05:12'),
(254, 14, 4, 1, 10, 2011, 91.00, '2013-09-05 21:05:12'),
(255, 32, 5, 1, 10, 2011, 88.00, '2013-09-05 21:05:12'),
(256, 89, 6, 1, 10, 2011, 85.00, '2013-09-05 21:05:12'),
(257, 8, 7, 1, 10, 2011, 82.00, '2013-09-05 21:05:12'),
(258, 92, 8, 1, 10, 2011, 79.00, '2013-09-05 21:05:12'),
(259, 98, 9, 1, 10, 2011, 76.00, '2013-09-05 21:05:12'),
(260, 67, 10, 1, 10, 2011, 73.00, '2013-09-05 21:05:12'),
(261, 97, 11, 1, 10, 2011, 70.00, '2013-09-05 21:05:12'),
(262, 119, 12, 1, 10, 2011, 67.00, '2013-09-05 21:05:12'),
(263, 104, 13, 1, 10, 2011, 64.00, '2013-09-05 21:05:12'),
(264, 44, 14, 1, 10, 2011, 61.00, '2013-09-05 21:05:12'),
(265, 59, 15, 1, 10, 2011, 58.00, '2013-09-05 21:05:12'),
(266, 94, 16, 1, 10, 2011, 55.00, '2013-09-05 21:05:13'),
(267, 60, 17, 1, 10, 2011, 52.00, '2013-09-05 21:05:13'),
(268, 28, 18, 1, 10, 2011, 49.00, '2013-09-05 21:05:13'),
(269, 7, 19, 1, 10, 2011, 46.00, '2013-09-05 21:05:13'),
(270, 124, 20, 1, 10, 2011, 43.00, '2013-09-05 21:05:13'),
(271, 109, 21, 1, 10, 2011, 40.00, '2013-09-05 21:05:13'),
(272, 2, 22, 1, 10, 2011, 37.00, '2013-09-05 21:05:13'),
(273, 30, 23, 1, 10, 2011, 34.00, '2013-09-05 21:05:13'),
(274, 123, 24, 1, 10, 2011, 31.00, '2013-09-05 21:05:13'),
(275, 65, 25, 1, 10, 2011, 28.00, '2013-09-05 21:05:13'),
(276, 51, 1, 1, 11, 2011, 100.00, '2013-09-05 21:05:14'),
(277, 90, 2, 1, 11, 2011, 97.00, '2013-09-05 21:05:14'),
(278, 1, 3, 1, 11, 2011, 94.00, '2013-09-05 21:05:14'),
(279, 14, 4, 1, 11, 2011, 91.00, '2013-09-05 21:05:14'),
(280, 32, 5, 1, 11, 2011, 88.00, '2013-09-05 21:05:14'),
(281, 89, 6, 1, 11, 2011, 85.00, '2013-09-05 21:05:14'),
(282, 92, 7, 1, 11, 2011, 82.00, '2013-09-05 21:05:14'),
(283, 8, 8, 1, 11, 2011, 79.00, '2013-09-05 21:05:15'),
(284, 97, 9, 1, 11, 2011, 76.00, '2013-09-05 21:05:15'),
(285, 119, 10, 1, 11, 2011, 73.00, '2013-09-05 21:05:15'),
(286, 104, 11, 1, 11, 2011, 70.00, '2013-09-05 21:05:15'),
(287, 94, 12, 1, 11, 2011, 67.00, '2013-09-05 21:05:15'),
(288, 98, 13, 1, 11, 2011, 64.00, '2013-09-05 21:05:15'),
(289, 44, 14, 1, 11, 2011, 61.00, '2013-09-05 21:05:15'),
(290, 28, 15, 1, 11, 2011, 58.00, '2013-09-05 21:05:15'),
(291, 109, 16, 1, 11, 2011, 55.00, '2013-09-05 21:05:15'),
(292, 60, 17, 1, 11, 2011, 52.00, '2013-09-05 21:05:15'),
(293, 124, 18, 1, 11, 2011, 49.00, '2013-09-05 21:05:15'),
(294, 67, 19, 1, 11, 2011, 46.00, '2013-09-05 21:05:15'),
(295, 2, 20, 1, 11, 2011, 43.00, '2013-09-05 21:05:15'),
(296, 30, 21, 1, 11, 2011, 40.00, '2013-09-05 21:05:15'),
(297, 65, 22, 1, 11, 2011, 37.00, '2013-09-05 21:05:15'),
(298, 83, 23, 1, 11, 2011, 34.00, '2013-09-05 21:05:15'),
(299, 59, 24, 1, 11, 2011, 31.00, '2013-09-05 21:05:15'),
(300, 103, 25, 1, 11, 2011, 28.00, '2013-09-05 21:05:15'),
(301, 51, 1, 1, 12, 2011, 100.00, '2013-09-05 21:05:16'),
(302, 90, 2, 1, 12, 2011, 97.00, '2013-09-05 21:05:16'),
(303, 1, 3, 1, 12, 2011, 94.00, '2013-09-05 21:05:16'),
(304, 92, 4, 1, 12, 2011, 91.00, '2013-09-05 21:05:16'),
(305, 89, 5, 1, 12, 2011, 88.00, '2013-09-05 21:05:16'),
(306, 8, 6, 1, 12, 2011, 85.00, '2013-09-05 21:05:16'),
(307, 97, 7, 1, 12, 2011, 82.00, '2013-09-05 21:05:16'),
(308, 119, 8, 1, 12, 2011, 79.00, '2013-09-05 21:05:16'),
(309, 14, 9, 1, 12, 2011, 76.00, '2013-09-05 21:05:16'),
(310, 32, 10, 1, 12, 2011, 73.00, '2013-09-05 21:05:17'),
(311, 104, 11, 1, 12, 2011, 70.00, '2013-09-05 21:05:17'),
(312, 98, 12, 1, 12, 2011, 67.00, '2013-09-05 21:05:17'),
(313, 44, 13, 1, 12, 2011, 64.00, '2013-09-05 21:05:17'),
(314, 28, 14, 1, 12, 2011, 61.00, '2013-09-05 21:05:17'),
(315, 60, 15, 1, 12, 2011, 58.00, '2013-09-05 21:05:17'),
(316, 67, 16, 1, 12, 2011, 55.00, '2013-09-05 21:05:17'),
(317, 124, 17, 1, 12, 2011, 52.00, '2013-09-05 21:05:17'),
(318, 59, 18, 1, 12, 2011, 49.00, '2013-09-05 21:05:17'),
(319, 108, 19, 1, 12, 2011, 46.00, '2013-09-05 21:05:17'),
(320, 65, 20, 1, 12, 2011, 43.00, '2013-09-05 21:05:17'),
(321, 94, 21, 1, 12, 2011, 40.00, '2013-09-05 21:05:17'),
(322, 103, 22, 1, 12, 2011, 37.00, '2013-09-05 21:05:17'),
(323, 109, 23, 1, 12, 2011, 34.00, '2013-09-05 21:05:17'),
(324, 2, 24, 1, 12, 2011, 31.00, '2013-09-05 21:05:17'),
(325, 24, 25, 1, 12, 2011, 28.00, '2013-09-05 21:05:17'),
(326, 51, 1, 1, 13, 2011, 100.00, '2013-09-05 21:05:18'),
(327, 1, 2, 1, 13, 2011, 97.00, '2013-09-05 21:05:18'),
(328, 8, 3, 1, 13, 2011, 94.00, '2013-09-05 21:05:18'),
(329, 90, 4, 1, 13, 2011, 91.00, '2013-09-05 21:05:18'),
(330, 119, 5, 1, 13, 2011, 88.00, '2013-09-05 21:05:18'),
(331, 14, 6, 1, 13, 2011, 85.00, '2013-09-05 21:05:18'),
(332, 32, 7, 1, 13, 2011, 82.00, '2013-09-05 21:05:18'),
(333, 104, 8, 1, 13, 2011, 79.00, '2013-09-05 21:05:18'),
(334, 89, 9, 1, 13, 2011, 76.00, '2013-09-05 21:05:18'),
(335, 92, 10, 1, 13, 2011, 73.00, '2013-09-05 21:05:18'),
(336, 44, 11, 1, 13, 2011, 70.00, '2013-09-05 21:05:18'),
(337, 98, 12, 1, 13, 2011, 67.00, '2013-09-05 21:05:19'),
(338, 28, 13, 1, 13, 2011, 64.00, '2013-09-05 21:05:19'),
(339, 60, 14, 1, 13, 2011, 61.00, '2013-09-05 21:05:19'),
(340, 59, 15, 1, 13, 2011, 58.00, '2013-09-05 21:05:19'),
(341, 124, 16, 1, 13, 2011, 55.00, '2013-09-05 21:05:19'),
(342, 97, 17, 1, 13, 2011, 52.00, '2013-09-05 21:05:19'),
(343, 103, 18, 1, 13, 2011, 49.00, '2013-09-05 21:05:19'),
(344, 94, 19, 1, 13, 2011, 46.00, '2013-09-05 21:05:19'),
(345, 108, 20, 1, 13, 2011, 43.00, '2013-09-05 21:05:19'),
(346, 67, 21, 1, 13, 2011, 40.00, '2013-09-05 21:05:19'),
(347, 39, 22, 1, 13, 2011, 37.00, '2013-09-05 21:05:19'),
(348, 30, 23, 1, 13, 2011, 34.00, '2013-09-05 21:05:19'),
(349, 2, 24, 1, 13, 2011, 31.00, '2013-09-05 21:05:19'),
(350, 109, 25, 1, 13, 2011, 28.00, '2013-09-05 21:05:19'),
(351, 51, 1, 1, 14, 2011, 100.00, '2013-09-05 21:05:20'),
(352, 1, 2, 1, 14, 2011, 97.00, '2013-09-05 21:05:20'),
(353, 90, 3, 1, 14, 2011, 94.00, '2013-09-05 21:05:20'),
(354, 14, 4, 1, 14, 2011, 91.00, '2013-09-05 21:05:20'),
(355, 92, 5, 1, 14, 2011, 88.00, '2013-09-05 21:05:20'),
(356, 8, 6, 1, 14, 2011, 85.00, '2013-09-05 21:05:20'),
(357, 32, 7, 1, 14, 2011, 82.00, '2013-09-05 21:05:20'),
(358, 44, 8, 1, 14, 2011, 79.00, '2013-09-05 21:05:20'),
(359, 98, 9, 1, 14, 2011, 76.00, '2013-09-05 21:05:20'),
(360, 124, 10, 1, 14, 2011, 73.00, '2013-09-05 21:05:20'),
(361, 119, 11, 1, 14, 2011, 70.00, '2013-09-05 21:05:20'),
(362, 103, 12, 1, 14, 2011, 67.00, '2013-09-05 21:05:20'),
(363, 59, 13, 1, 14, 2011, 64.00, '2013-09-05 21:05:20'),
(364, 89, 14, 1, 14, 2011, 61.00, '2013-09-05 21:05:21'),
(365, 97, 15, 1, 14, 2011, 58.00, '2013-09-05 21:05:21'),
(366, 28, 16, 1, 14, 2011, 55.00, '2013-09-05 21:05:21'),
(367, 60, 17, 1, 14, 2011, 52.00, '2013-09-05 21:05:21'),
(368, 108, 18, 1, 14, 2011, 49.00, '2013-09-05 21:05:21'),
(369, 104, 19, 1, 14, 2011, 46.00, '2013-09-05 21:05:21'),
(370, 67, 20, 1, 14, 2011, 43.00, '2013-09-05 21:05:21'),
(371, 65, 21, 1, 14, 2011, 40.00, '2013-09-05 21:05:21'),
(372, 94, 22, 1, 14, 2011, 37.00, '2013-09-05 21:05:21'),
(373, 123, 23, 1, 14, 2011, 34.00, '2013-09-05 21:05:21'),
(374, 109, 24, 1, 14, 2011, 31.00, '2013-09-05 21:05:21'),
(375, 2, 25, 1, 14, 2011, 28.00, '2013-09-05 21:05:21'),
(376, 51, 1, 1, 15, 2011, 100.00, '2013-09-05 21:05:22'),
(377, 1, 2, 1, 15, 2011, 97.00, '2013-09-05 21:05:22'),
(378, 90, 3, 1, 15, 2011, 94.00, '2013-09-05 21:05:22'),
(379, 14, 4, 1, 15, 2011, 91.00, '2013-09-05 21:05:22'),
(380, 92, 5, 1, 15, 2011, 88.00, '2013-09-05 21:05:22'),
(381, 8, 6, 1, 15, 2011, 85.00, '2013-09-05 21:05:22'),
(382, 32, 7, 1, 15, 2011, 82.00, '2013-09-05 21:05:22'),
(383, 44, 8, 1, 15, 2011, 79.00, '2013-09-05 21:05:22'),
(384, 98, 9, 1, 15, 2011, 76.00, '2013-09-05 21:05:22'),
(385, 124, 10, 1, 15, 2011, 73.00, '2013-09-05 21:05:22'),
(386, 119, 11, 1, 15, 2011, 70.00, '2013-09-05 21:05:22'),
(387, 103, 12, 1, 15, 2011, 67.00, '2013-09-05 21:05:22'),
(388, 59, 13, 1, 15, 2011, 64.00, '2013-09-05 21:05:22'),
(389, 89, 14, 1, 15, 2011, 61.00, '2013-09-05 21:05:22'),
(390, 97, 15, 1, 15, 2011, 58.00, '2013-09-05 21:05:22'),
(391, 28, 16, 1, 15, 2011, 55.00, '2013-09-05 21:05:22'),
(392, 60, 17, 1, 15, 2011, 52.00, '2013-09-05 21:05:23'),
(393, 108, 18, 1, 15, 2011, 49.00, '2013-09-05 21:05:23'),
(394, 104, 19, 1, 15, 2011, 46.00, '2013-09-05 21:05:23'),
(395, 67, 20, 1, 15, 2011, 43.00, '2013-09-05 21:05:23'),
(396, 65, 21, 1, 15, 2011, 40.00, '2013-09-05 21:05:23'),
(397, 94, 22, 1, 15, 2011, 37.00, '2013-09-05 21:05:23'),
(398, 123, 23, 1, 15, 2011, 34.00, '2013-09-05 21:05:23'),
(399, 109, 24, 1, 15, 2011, 31.00, '2013-09-05 21:05:23'),
(400, 2, 25, 1, 15, 2011, 28.00, '2013-09-05 21:05:23'),
(401, 1, 1, 1, 8, 2012, 100.00, '2013-09-05 21:05:24'),
(402, 22, 2, 1, 8, 2012, 97.00, '2013-09-05 21:05:24'),
(403, 92, 3, 1, 8, 2012, 94.00, '2013-09-05 21:05:24'),
(404, 44, 4, 1, 8, 2012, 91.00, '2013-09-05 21:05:24'),
(405, 39, 5, 1, 8, 2012, 88.00, '2013-09-05 21:05:24'),
(406, 51, 6, 1, 8, 2012, 85.00, '2013-09-05 21:05:24'),
(407, 98, 7, 1, 8, 2012, 82.00, '2013-09-05 21:05:24'),
(408, 93, 8, 1, 8, 2012, 79.00, '2013-09-05 21:05:24'),
(409, 89, 9, 1, 8, 2012, 76.00, '2013-09-05 21:05:24'),
(410, 16, 10, 1, 8, 2012, 73.00, '2013-09-05 21:05:24'),
(411, 28, 11, 1, 8, 2012, 70.00, '2013-09-05 21:05:24'),
(412, 63, 12, 1, 8, 2012, 67.00, '2013-09-05 21:05:24'),
(413, 123, 13, 1, 8, 2012, 64.00, '2013-09-05 21:05:24'),
(414, 24, 14, 1, 8, 2012, 61.00, '2013-09-05 21:05:24'),
(415, 70, 15, 1, 8, 2012, 58.00, '2013-09-05 21:05:24'),
(416, 46, 16, 1, 8, 2012, 55.00, '2013-09-05 21:05:25'),
(417, 112, 17, 1, 8, 2012, 52.00, '2013-09-05 21:05:25'),
(418, 110, 18, 1, 8, 2012, 49.00, '2013-09-05 21:05:25'),
(419, 97, 19, 1, 8, 2012, 46.00, '2013-09-05 21:05:25'),
(420, 14, 20, 1, 8, 2012, 43.00, '2013-09-05 21:05:25'),
(421, 83, 21, 1, 8, 2012, 40.00, '2013-09-05 21:05:25'),
(422, 32, 22, 1, 8, 2012, 37.00, '2013-09-05 21:05:25'),
(423, 108, 23, 1, 8, 2012, 34.00, '2013-09-05 21:05:25'),
(424, 42, 24, 1, 8, 2012, 31.00, '2013-09-05 21:05:25'),
(425, 109, 25, 1, 8, 2012, 28.00, '2013-09-05 21:05:25'),
(426, 1, 1, 1, 9, 2012, 100.00, '2013-09-05 21:05:26'),
(427, 22, 2, 1, 9, 2012, 97.00, '2013-09-05 21:05:26'),
(428, 44, 3, 1, 9, 2012, 94.00, '2013-09-05 21:05:26'),
(429, 92, 4, 1, 9, 2012, 91.00, '2013-09-05 21:05:26'),
(430, 39, 5, 1, 9, 2012, 88.00, '2013-09-05 21:05:26'),
(431, 51, 6, 1, 9, 2012, 85.00, '2013-09-05 21:05:26'),
(432, 93, 7, 1, 9, 2012, 82.00, '2013-09-05 21:05:26'),
(433, 89, 8, 1, 9, 2012, 79.00, '2013-09-05 21:05:26'),
(434, 16, 9, 1, 9, 2012, 76.00, '2013-09-05 21:05:26'),
(435, 28, 10, 1, 9, 2012, 73.00, '2013-09-05 21:05:26'),
(436, 63, 11, 1, 9, 2012, 70.00, '2013-09-05 21:05:26'),
(437, 24, 12, 1, 9, 2012, 67.00, '2013-09-05 21:05:26'),
(438, 98, 13, 1, 9, 2012, 64.00, '2013-09-05 21:05:26'),
(439, 112, 14, 1, 9, 2012, 61.00, '2013-09-05 21:05:27'),
(440, 70, 15, 1, 9, 2012, 58.00, '2013-09-05 21:05:27'),
(441, 46, 16, 1, 9, 2012, 55.00, '2013-09-05 21:05:27'),
(442, 14, 17, 1, 9, 2012, 52.00, '2013-09-05 21:05:27'),
(443, 97, 18, 1, 9, 2012, 49.00, '2013-09-05 21:05:27'),
(444, 123, 19, 1, 9, 2012, 46.00, '2013-09-05 21:05:27'),
(445, 110, 20, 1, 9, 2012, 43.00, '2013-09-05 21:05:27'),
(446, 32, 21, 1, 9, 2012, 40.00, '2013-09-05 21:05:27'),
(447, 59, 22, 1, 9, 2012, 37.00, '2013-09-05 21:05:27'),
(448, 109, 23, 1, 9, 2012, 34.00, '2013-09-05 21:05:27'),
(449, 86, 24, 1, 9, 2012, 31.00, '2013-09-05 21:05:27'),
(450, 124, 25, 1, 9, 2012, 28.00, '2013-09-05 21:05:27'),
(451, 1, 1, 1, 10, 2012, 100.00, '2013-09-05 21:05:28'),
(452, 44, 2, 1, 10, 2012, 97.00, '2013-09-05 21:05:28'),
(453, 39, 3, 1, 10, 2012, 94.00, '2013-09-05 21:05:28'),
(454, 92, 4, 1, 10, 2012, 91.00, '2013-09-05 21:05:28'),
(455, 51, 5, 1, 10, 2012, 88.00, '2013-09-05 21:05:28'),
(456, 28, 6, 1, 10, 2012, 85.00, '2013-09-05 21:05:28'),
(457, 22, 7, 1, 10, 2012, 82.00, '2013-09-05 21:05:28'),
(458, 98, 8, 1, 10, 2012, 79.00, '2013-09-05 21:05:28'),
(459, 24, 9, 1, 10, 2012, 76.00, '2013-09-05 21:05:28'),
(460, 46, 10, 1, 10, 2012, 73.00, '2013-09-05 21:05:28'),
(461, 93, 11, 1, 10, 2012, 70.00, '2013-09-05 21:05:28'),
(462, 89, 12, 1, 10, 2012, 67.00, '2013-09-05 21:05:28'),
(463, 97, 13, 1, 10, 2012, 64.00, '2013-09-05 21:05:28'),
(464, 14, 14, 1, 10, 2012, 61.00, '2013-09-05 21:05:28'),
(465, 63, 15, 1, 10, 2012, 58.00, '2013-09-05 21:05:28'),
(466, 110, 16, 1, 10, 2012, 55.00, '2013-09-05 21:05:28'),
(467, 16, 17, 1, 10, 2012, 52.00, '2013-09-05 21:05:29'),
(468, 112, 18, 1, 10, 2012, 49.00, '2013-09-05 21:05:29'),
(469, 32, 19, 1, 10, 2012, 46.00, '2013-09-05 21:05:29'),
(470, 67, 20, 1, 10, 2012, 43.00, '2013-09-05 21:05:29'),
(471, 123, 21, 1, 10, 2012, 40.00, '2013-09-05 21:05:29'),
(472, 6, 22, 1, 10, 2012, 37.00, '2013-09-05 21:05:29'),
(473, 109, 23, 1, 10, 2012, 34.00, '2013-09-05 21:05:29'),
(474, 90, 24, 1, 10, 2012, 31.00, '2013-09-05 21:05:29'),
(475, 50, 25, 1, 10, 2012, 28.00, '2013-09-05 21:05:29'),
(476, 1, 1, 1, 11, 2012, 100.00, '2013-09-05 21:05:30'),
(477, 44, 2, 1, 11, 2012, 97.00, '2013-09-05 21:05:30'),
(478, 92, 3, 1, 11, 2012, 94.00, '2013-09-05 21:05:30'),
(479, 39, 4, 1, 11, 2012, 91.00, '2013-09-05 21:05:30'),
(480, 28, 5, 1, 11, 2012, 88.00, '2013-09-05 21:05:30'),
(481, 22, 6, 1, 11, 2012, 85.00, '2013-09-05 21:05:30'),
(482, 51, 7, 1, 11, 2012, 82.00, '2013-09-05 21:05:30'),
(483, 98, 8, 1, 11, 2012, 79.00, '2013-09-05 21:05:30'),
(484, 46, 9, 1, 11, 2012, 76.00, '2013-09-05 21:05:30'),
(485, 24, 10, 1, 11, 2012, 73.00, '2013-09-05 21:05:30'),
(486, 93, 11, 1, 11, 2012, 70.00, '2013-09-05 21:05:30'),
(487, 89, 12, 1, 11, 2012, 67.00, '2013-09-05 21:05:30'),
(488, 97, 13, 1, 11, 2012, 64.00, '2013-09-05 21:05:30'),
(489, 14, 14, 1, 11, 2012, 61.00, '2013-09-05 21:05:30'),
(490, 110, 15, 1, 11, 2012, 58.00, '2013-09-05 21:05:30'),
(491, 67, 16, 1, 11, 2012, 55.00, '2013-09-05 21:05:30'),
(492, 109, 17, 1, 11, 2012, 52.00, '2013-09-05 21:05:31'),
(493, 15, 18, 1, 11, 2012, 49.00, '2013-09-05 21:05:31'),
(494, 16, 19, 1, 11, 2012, 46.00, '2013-09-05 21:05:31'),
(495, 50, 20, 1, 11, 2012, 43.00, '2013-09-05 21:05:31'),
(496, 63, 21, 1, 11, 2012, 40.00, '2013-09-05 21:05:31'),
(497, 112, 22, 1, 11, 2012, 37.00, '2013-09-05 21:05:31'),
(498, 70, 23, 1, 11, 2012, 34.00, '2013-09-05 21:05:31'),
(499, 36, 24, 1, 11, 2012, 31.00, '2013-09-05 21:05:31'),
(500, 88, 25, 1, 11, 2012, 28.00, '2013-09-05 21:05:31'),
(501, 44, 1, 1, 12, 2012, 100.00, '2013-09-05 21:05:32'),
(502, 92, 2, 1, 12, 2012, 97.00, '2013-09-05 21:05:32'),
(503, 39, 3, 1, 12, 2012, 94.00, '2013-09-05 21:05:32'),
(504, 1, 4, 1, 12, 2012, 91.00, '2013-09-05 21:05:32'),
(505, 28, 5, 1, 12, 2012, 88.00, '2013-09-05 21:05:32'),
(506, 22, 6, 1, 12, 2012, 85.00, '2013-09-05 21:05:32'),
(507, 51, 7, 1, 12, 2012, 82.00, '2013-09-05 21:05:32'),
(508, 110, 8, 1, 12, 2012, 79.00, '2013-09-05 21:05:32'),
(509, 98, 9, 1, 12, 2012, 76.00, '2013-09-05 21:05:32'),
(510, 24, 10, 1, 12, 2012, 73.00, '2013-09-05 21:05:32'),
(511, 97, 11, 1, 12, 2012, 70.00, '2013-09-05 21:05:32'),
(512, 89, 12, 1, 12, 2012, 67.00, '2013-09-05 21:05:32'),
(513, 14, 13, 1, 12, 2012, 64.00, '2013-09-05 21:05:32'),
(514, 67, 14, 1, 12, 2012, 61.00, '2013-09-05 21:05:32'),
(515, 109, 15, 1, 12, 2012, 58.00, '2013-09-05 21:05:33'),
(516, 93, 16, 1, 12, 2012, 55.00, '2013-09-05 21:05:33'),
(517, 15, 17, 1, 12, 2012, 52.00, '2013-09-05 21:05:33'),
(518, 16, 18, 1, 12, 2012, 49.00, '2013-09-05 21:05:33'),
(519, 46, 19, 1, 12, 2012, 46.00, '2013-09-05 21:05:33'),
(520, 50, 20, 1, 12, 2012, 43.00, '2013-09-05 21:05:33'),
(521, 59, 21, 1, 12, 2012, 40.00, '2013-09-05 21:05:33'),
(522, 70, 22, 1, 12, 2012, 37.00, '2013-09-05 21:05:33'),
(523, 112, 23, 1, 12, 2012, 34.00, '2013-09-05 21:05:33'),
(524, 90, 24, 1, 12, 2012, 31.00, '2013-09-05 21:05:33'),
(525, 120, 25, 1, 12, 2012, 28.00, '2013-09-05 21:05:33'),
(526, 39, 1, 1, 13, 2012, 100.00, '2013-09-05 21:05:34'),
(527, 1, 2, 1, 13, 2012, 97.00, '2013-09-05 21:05:34'),
(528, 28, 3, 1, 13, 2012, 94.00, '2013-09-05 21:05:34'),
(529, 22, 4, 1, 13, 2012, 91.00, '2013-09-05 21:05:34'),
(530, 92, 5, 1, 13, 2012, 88.00, '2013-09-05 21:05:35'),
(531, 44, 6, 1, 13, 2012, 85.00, '2013-09-05 21:05:35'),
(532, 51, 7, 1, 13, 2012, 82.00, '2013-09-05 21:05:35'),
(533, 14, 8, 1, 13, 2012, 79.00, '2013-09-05 21:05:35'),
(534, 110, 9, 1, 13, 2012, 76.00, '2013-09-05 21:05:35'),
(535, 24, 10, 1, 13, 2012, 73.00, '2013-09-05 21:05:35'),
(536, 97, 11, 1, 13, 2012, 70.00, '2013-09-05 21:05:35'),
(537, 98, 12, 1, 13, 2012, 67.00, '2013-09-05 21:05:35'),
(538, 89, 13, 1, 13, 2012, 64.00, '2013-09-05 21:05:35'),
(539, 67, 14, 1, 13, 2012, 61.00, '2013-09-05 21:05:35'),
(540, 93, 15, 1, 13, 2012, 58.00, '2013-09-05 21:05:35'),
(541, 109, 16, 1, 13, 2012, 55.00, '2013-09-05 21:05:35'),
(542, 15, 17, 1, 13, 2012, 52.00, '2013-09-05 21:05:35'),
(543, 70, 18, 1, 13, 2012, 49.00, '2013-09-05 21:05:35'),
(544, 59, 19, 1, 13, 2012, 46.00, '2013-09-05 21:05:35'),
(545, 46, 20, 1, 13, 2012, 43.00, '2013-09-05 21:05:35'),
(546, 90, 21, 1, 13, 2012, 40.00, '2013-09-05 21:05:35'),
(547, 32, 22, 1, 13, 2012, 37.00, '2013-09-05 21:05:35'),
(548, 84, 23, 1, 13, 2012, 34.00, '2013-09-05 21:05:35'),
(549, 6, 24, 1, 13, 2012, 31.00, '2013-09-05 21:05:35'),
(550, 120, 25, 1, 13, 2012, 28.00, '2013-09-05 21:05:35'),
(551, 39, 1, 1, 14, 2012, 100.00, '2013-09-05 21:05:36'),
(552, 1, 2, 1, 14, 2012, 97.00, '2013-09-05 21:05:36'),
(553, 28, 3, 1, 14, 2012, 94.00, '2013-09-05 21:05:36'),
(554, 22, 4, 1, 14, 2012, 91.00, '2013-09-05 21:05:36'),
(555, 92, 5, 1, 14, 2012, 88.00, '2013-09-05 21:05:37'),
(556, 44, 6, 1, 14, 2012, 85.00, '2013-09-05 21:05:37'),
(557, 51, 7, 1, 14, 2012, 82.00, '2013-09-05 21:05:37'),
(558, 14, 8, 1, 14, 2012, 79.00, '2013-09-05 21:05:37'),
(559, 110, 9, 1, 14, 2012, 76.00, '2013-09-05 21:05:37'),
(560, 98, 10, 1, 14, 2012, 73.00, '2013-09-05 21:05:37'),
(561, 89, 11, 1, 14, 2012, 70.00, '2013-09-05 21:05:37'),
(562, 67, 12, 1, 14, 2012, 67.00, '2013-09-05 21:05:37'),
(563, 24, 13, 1, 14, 2012, 64.00, '2013-09-05 21:05:37'),
(564, 97, 14, 1, 14, 2012, 61.00, '2013-09-05 21:05:37'),
(565, 93, 15, 1, 14, 2012, 58.00, '2013-09-05 21:05:37'),
(566, 15, 16, 1, 14, 2012, 55.00, '2013-09-05 21:05:37'),
(567, 84, 17, 1, 14, 2012, 52.00, '2013-09-05 21:05:37'),
(568, 109, 18, 1, 14, 2012, 49.00, '2013-09-05 21:05:37'),
(569, 59, 19, 1, 14, 2012, 46.00, '2013-09-05 21:05:37'),
(570, 32, 20, 1, 14, 2012, 43.00, '2013-09-05 21:05:37'),
(571, 35, 21, 1, 14, 2012, 40.00, '2013-09-05 21:05:37'),
(572, 36, 22, 1, 14, 2012, 37.00, '2013-09-05 21:05:37'),
(573, 90, 23, 1, 14, 2012, 34.00, '2013-09-05 21:05:37'),
(574, 117, 24, 1, 14, 2012, 31.00, '2013-09-05 21:05:38'),
(575, 13, 25, 1, 14, 2012, 28.00, '2013-09-05 21:05:38'),
(576, 39, 1, 1, 15, 2012, 100.00, '2013-09-05 21:05:38'),
(577, 1, 2, 1, 15, 2012, 97.00, '2013-09-05 21:05:38'),
(578, 22, 3, 1, 15, 2012, 94.00, '2013-09-05 21:05:38'),
(579, 92, 4, 1, 15, 2012, 91.00, '2013-09-05 21:05:38'),
(580, 44, 5, 1, 15, 2012, 88.00, '2013-09-05 21:05:39'),
(581, 14, 6, 1, 15, 2012, 85.00, '2013-09-05 21:05:39'),
(582, 28, 7, 1, 15, 2012, 82.00, '2013-09-05 21:05:39'),
(583, 51, 8, 1, 15, 2012, 79.00, '2013-09-05 21:05:39'),
(584, 110, 9, 1, 15, 2012, 76.00, '2013-09-05 21:05:39'),
(585, 98, 10, 1, 15, 2012, 73.00, '2013-09-05 21:05:39'),
(586, 89, 11, 1, 15, 2012, 70.00, '2013-09-05 21:05:39'),
(587, 24, 12, 1, 15, 2012, 67.00, '2013-09-05 21:05:39'),
(588, 93, 13, 1, 15, 2012, 64.00, '2013-09-05 21:05:39'),
(589, 97, 14, 1, 15, 2012, 61.00, '2013-09-05 21:05:39'),
(590, 35, 15, 1, 15, 2012, 58.00, '2013-09-05 21:05:39'),
(591, 67, 16, 1, 15, 2012, 55.00, '2013-09-05 21:05:39'),
(592, 15, 17, 1, 15, 2012, 52.00, '2013-09-05 21:05:39'),
(593, 59, 18, 1, 15, 2012, 49.00, '2013-09-05 21:05:39'),
(594, 32, 19, 1, 15, 2012, 46.00, '2013-09-05 21:05:39'),
(595, 36, 20, 1, 15, 2012, 43.00, '2013-09-05 21:05:39'),
(596, 46, 21, 1, 15, 2012, 40.00, '2013-09-05 21:05:39'),
(597, 117, 22, 1, 15, 2012, 37.00, '2013-09-05 21:05:39'),
(598, 109, 23, 1, 15, 2012, 34.00, '2013-09-05 21:05:39'),
(599, 13, 24, 1, 15, 2012, 31.00, '2013-09-05 21:05:39'),
(600, 84, 25, 1, 15, 2012, 28.00, '2013-09-05 21:05:39'),
(601, 0, 0, 1, 8, 2013, 103.00, '2013-09-05 21:05:40'),
(602, 0, 0, 1, 9, 2013, 103.00, '2013-09-05 21:05:41'),
(603, 0, 0, 1, 10, 2013, 103.00, '2013-09-05 21:05:41'),
(604, 0, 0, 1, 11, 2013, 103.00, '2013-09-05 21:05:42'),
(605, 0, 0, 1, 12, 2013, 103.00, '2013-09-05 21:05:43'),
(606, 0, 0, 1, 13, 2013, 103.00, '2013-09-05 21:05:43'),
(607, 0, 0, 1, 14, 2013, 103.00, '2013-09-05 21:05:44'),
(608, 0, 0, 1, 15, 2013, 103.00, '2013-09-05 21:05:45'),
(609, 1, 1, 2, 1, 2008, 100.00, '2013-09-05 21:05:45'),
(610, 22, 2, 2, 1, 2008, 97.00, '2013-09-05 21:05:45'),
(611, 109, 3, 2, 1, 2008, 94.00, '2013-09-05 21:05:45'),
(612, 89, 4, 2, 1, 2008, 91.00, '2013-09-05 21:05:45'),
(613, 16, 5, 2, 1, 2008, 88.00, '2013-09-05 21:05:45'),
(614, 94, 6, 2, 1, 2008, 85.00, '2013-09-05 21:05:45'),
(615, 116, 7, 2, 1, 2008, 82.00, '2013-09-05 21:05:46'),
(616, 112, 8, 2, 1, 2008, 79.00, '2013-09-05 21:05:46'),
(617, 32, 9, 2, 1, 2008, 76.00, '2013-09-05 21:05:46'),
(618, 87, 10, 2, 1, 2008, 73.00, '2013-09-05 21:05:46'),
(619, 37, 11, 2, 1, 2008, 70.00, '2013-09-05 21:05:46'),
(620, 108, 12, 2, 1, 2008, 67.00, '2013-09-05 21:05:46'),
(621, 83, 13, 2, 1, 2008, 64.00, '2013-09-05 21:05:46'),
(622, 90, 14, 2, 1, 2008, 61.00, '2013-09-05 21:05:46'),
(623, 92, 15, 2, 1, 2008, 58.00, '2013-09-05 21:05:46'),
(624, 30, 16, 2, 1, 2008, 55.00, '2013-09-05 21:05:46'),
(625, 115, 17, 2, 1, 2008, 52.00, '2013-09-05 21:05:46'),
(626, 66, 18, 2, 1, 2008, 49.00, '2013-09-05 21:05:46'),
(627, 55, 19, 2, 1, 2008, 46.00, '2013-09-05 21:05:46'),
(628, 28, 20, 2, 1, 2008, 43.00, '2013-09-05 21:05:46'),
(629, 60, 21, 2, 1, 2008, 40.00, '2013-09-05 21:05:46'),
(630, 36, 22, 2, 1, 2008, 37.00, '2013-09-05 21:05:46'),
(631, 95, 23, 2, 1, 2008, 34.00, '2013-09-05 21:05:46'),
(632, 64, 24, 2, 1, 2008, 31.00, '2013-09-05 21:05:46'),
(633, 93, 25, 2, 1, 2008, 28.00, '2013-09-05 21:05:46'),
(634, 1, 1, 2, 2, 2008, 100.00, '2013-09-05 21:05:47'),
(635, 22, 2, 2, 2, 2008, 97.00, '2013-09-05 21:05:47'),
(636, 109, 3, 2, 2, 2008, 94.00, '2013-09-05 21:05:47'),
(637, 89, 4, 2, 2, 2008, 91.00, '2013-09-05 21:05:47'),
(638, 16, 5, 2, 2, 2008, 88.00, '2013-09-05 21:05:47'),
(639, 94, 6, 2, 2, 2008, 85.00, '2013-09-05 21:05:47'),
(640, 116, 7, 2, 2, 2008, 82.00, '2013-09-05 21:05:47'),
(641, 112, 8, 2, 2, 2008, 79.00, '2013-09-05 21:05:47'),
(642, 32, 9, 2, 2, 2008, 76.00, '2013-09-05 21:05:48'),
(643, 87, 10, 2, 2, 2008, 73.00, '2013-09-05 21:05:48'),
(644, 37, 11, 2, 2, 2008, 70.00, '2013-09-05 21:05:48'),
(645, 108, 12, 2, 2, 2008, 67.00, '2013-09-05 21:05:48'),
(646, 83, 13, 2, 2, 2008, 64.00, '2013-09-05 21:05:48'),
(647, 90, 14, 2, 2, 2008, 61.00, '2013-09-05 21:05:48'),
(648, 92, 15, 2, 2, 2008, 58.00, '2013-09-05 21:05:48'),
(649, 30, 16, 2, 2, 2008, 55.00, '2013-09-05 21:05:48'),
(650, 115, 17, 2, 2, 2008, 52.00, '2013-09-05 21:05:48'),
(651, 66, 18, 2, 2, 2008, 49.00, '2013-09-05 21:05:48'),
(652, 55, 19, 2, 2, 2008, 46.00, '2013-09-05 21:05:48'),
(653, 28, 20, 2, 2, 2008, 43.00, '2013-09-05 21:05:48'),
(654, 60, 21, 2, 2, 2008, 40.00, '2013-09-05 21:05:48'),
(655, 36, 22, 2, 2, 2008, 37.00, '2013-09-05 21:05:48'),
(656, 95, 23, 2, 2, 2008, 34.00, '2013-09-05 21:05:48'),
(657, 64, 24, 2, 2, 2008, 31.00, '2013-09-05 21:05:48'),
(658, 93, 25, 2, 2, 2008, 28.00, '2013-09-05 21:05:48'),
(659, 1, 1, 2, 3, 2008, 100.00, '2013-09-05 21:05:49'),
(660, 22, 2, 2, 3, 2008, 97.00, '2013-09-05 21:05:49'),
(661, 109, 3, 2, 3, 2008, 94.00, '2013-09-05 21:05:49'),
(662, 89, 4, 2, 3, 2008, 91.00, '2013-09-05 21:05:49'),
(663, 16, 5, 2, 3, 2008, 88.00, '2013-09-05 21:05:49'),
(664, 94, 6, 2, 3, 2008, 85.00, '2013-09-05 21:05:49'),
(665, 116, 7, 2, 3, 2008, 82.00, '2013-09-05 21:05:49'),
(666, 112, 8, 2, 3, 2008, 79.00, '2013-09-05 21:05:49'),
(667, 32, 9, 2, 3, 2008, 76.00, '2013-09-05 21:05:49'),
(668, 87, 10, 2, 3, 2008, 73.00, '2013-09-05 21:05:49'),
(669, 37, 11, 2, 3, 2008, 70.00, '2013-09-05 21:05:49'),
(670, 108, 12, 2, 3, 2008, 67.00, '2013-09-05 21:05:49'),
(671, 83, 13, 2, 3, 2008, 64.00, '2013-09-05 21:05:50'),
(672, 90, 14, 2, 3, 2008, 61.00, '2013-09-05 21:05:50'),
(673, 92, 15, 2, 3, 2008, 58.00, '2013-09-05 21:05:50'),
(674, 30, 16, 2, 3, 2008, 55.00, '2013-09-05 21:05:50'),
(675, 115, 17, 2, 3, 2008, 52.00, '2013-09-05 21:05:50'),
(676, 66, 18, 2, 3, 2008, 49.00, '2013-09-05 21:05:50'),
(677, 55, 19, 2, 3, 2008, 46.00, '2013-09-05 21:05:50'),
(678, 28, 20, 2, 3, 2008, 43.00, '2013-09-05 21:05:50'),
(679, 60, 21, 2, 3, 2008, 40.00, '2013-09-05 21:05:50'),
(680, 36, 22, 2, 3, 2008, 37.00, '2013-09-05 21:05:50'),
(681, 95, 23, 2, 3, 2008, 34.00, '2013-09-05 21:05:50'),
(682, 64, 24, 2, 3, 2008, 31.00, '2013-09-05 21:05:50'),
(683, 93, 25, 2, 3, 2008, 28.00, '2013-09-05 21:05:50'),
(684, 1, 1, 2, 4, 2008, 100.00, '2013-09-05 21:05:51'),
(685, 22, 2, 2, 4, 2008, 97.00, '2013-09-05 21:05:51'),
(686, 109, 3, 2, 4, 2008, 94.00, '2013-09-05 21:05:51'),
(687, 89, 4, 2, 4, 2008, 91.00, '2013-09-05 21:05:51'),
(688, 16, 5, 2, 4, 2008, 88.00, '2013-09-05 21:05:51'),
(689, 94, 6, 2, 4, 2008, 85.00, '2013-09-05 21:05:51'),
(690, 116, 7, 2, 4, 2008, 82.00, '2013-09-05 21:05:51'),
(691, 112, 8, 2, 4, 2008, 79.00, '2013-09-05 21:05:51'),
(692, 32, 9, 2, 4, 2008, 76.00, '2013-09-05 21:05:51'),
(693, 87, 10, 2, 4, 2008, 73.00, '2013-09-05 21:05:51'),
(694, 37, 11, 2, 4, 2008, 70.00, '2013-09-05 21:05:51'),
(695, 108, 12, 2, 4, 2008, 67.00, '2013-09-05 21:05:51'),
(696, 83, 13, 2, 4, 2008, 64.00, '2013-09-05 21:05:51'),
(697, 90, 14, 2, 4, 2008, 61.00, '2013-09-05 21:05:51'),
(698, 92, 15, 2, 4, 2008, 58.00, '2013-09-05 21:05:52'),
(699, 30, 16, 2, 4, 2008, 55.00, '2013-09-05 21:05:52'),
(700, 115, 17, 2, 4, 2008, 52.00, '2013-09-05 21:05:52'),
(701, 66, 18, 2, 4, 2008, 49.00, '2013-09-05 21:05:52'),
(702, 55, 19, 2, 4, 2008, 46.00, '2013-09-05 21:05:52'),
(703, 28, 20, 2, 4, 2008, 43.00, '2013-09-05 21:05:52'),
(704, 60, 21, 2, 4, 2008, 40.00, '2013-09-05 21:05:52'),
(705, 36, 22, 2, 4, 2008, 37.00, '2013-09-05 21:05:52'),
(706, 95, 23, 2, 4, 2008, 34.00, '2013-09-05 21:05:52'),
(707, 64, 24, 2, 4, 2008, 31.00, '2013-09-05 21:05:52'),
(708, 93, 25, 2, 4, 2008, 28.00, '2013-09-05 21:05:52'),
(709, 1, 1, 2, 5, 2008, 100.00, '2013-09-05 21:05:53'),
(710, 22, 2, 2, 5, 2008, 97.00, '2013-09-05 21:05:53'),
(711, 109, 3, 2, 5, 2008, 94.00, '2013-09-05 21:05:53'),
(712, 89, 4, 2, 5, 2008, 91.00, '2013-09-05 21:05:53'),
(713, 16, 5, 2, 5, 2008, 88.00, '2013-09-05 21:05:53'),
(714, 94, 6, 2, 5, 2008, 85.00, '2013-09-05 21:05:53'),
(715, 116, 7, 2, 5, 2008, 82.00, '2013-09-05 21:05:53'),
(716, 112, 8, 2, 5, 2008, 79.00, '2013-09-05 21:05:53'),
(717, 32, 9, 2, 5, 2008, 76.00, '2013-09-05 21:05:53'),
(718, 87, 10, 2, 5, 2008, 73.00, '2013-09-05 21:05:53'),
(719, 37, 11, 2, 5, 2008, 70.00, '2013-09-05 21:05:53'),
(720, 108, 12, 2, 5, 2008, 67.00, '2013-09-05 21:05:53'),
(721, 83, 13, 2, 5, 2008, 64.00, '2013-09-05 21:05:53'),
(722, 90, 14, 2, 5, 2008, 61.00, '2013-09-05 21:05:53'),
(723, 92, 15, 2, 5, 2008, 58.00, '2013-09-05 21:05:53'),
(724, 30, 16, 2, 5, 2008, 55.00, '2013-09-05 21:05:53'),
(725, 115, 17, 2, 5, 2008, 52.00, '2013-09-05 21:05:53'),
(726, 66, 18, 2, 5, 2008, 49.00, '2013-09-05 21:05:53'),
(727, 55, 19, 2, 5, 2008, 46.00, '2013-09-05 21:05:54'),
(728, 28, 20, 2, 5, 2008, 43.00, '2013-09-05 21:05:54'),
(729, 60, 21, 2, 5, 2008, 40.00, '2013-09-05 21:05:54'),
(730, 36, 22, 2, 5, 2008, 37.00, '2013-09-05 21:05:54'),
(731, 95, 23, 2, 5, 2008, 34.00, '2013-09-05 21:05:54'),
(732, 64, 24, 2, 5, 2008, 31.00, '2013-09-05 21:05:54'),
(733, 93, 25, 2, 5, 2008, 28.00, '2013-09-05 21:05:54'),
(734, 89, 1, 2, 6, 2008, 100.00, '2013-09-05 21:05:54'),
(735, 51, 2, 2, 6, 2008, 97.00, '2013-09-05 21:05:55'),
(736, 1, 3, 2, 6, 2008, 94.00, '2013-09-05 21:05:55'),
(737, 66, 4, 2, 6, 2008, 91.00, '2013-09-05 21:05:55'),
(738, 109, 5, 2, 6, 2008, 88.00, '2013-09-05 21:05:55'),
(739, 94, 6, 2, 6, 2008, 85.00, '2013-09-05 21:05:55'),
(740, 16, 7, 2, 6, 2008, 82.00, '2013-09-05 21:05:55'),
(741, 112, 8, 2, 6, 2008, 79.00, '2013-09-05 21:05:55'),
(742, 115, 9, 2, 6, 2008, 76.00, '2013-09-05 21:05:55'),
(743, 28, 10, 2, 6, 2008, 73.00, '2013-09-05 21:05:55'),
(744, 22, 11, 2, 6, 2008, 70.00, '2013-09-05 21:05:55'),
(745, 26, 12, 2, 6, 2008, 67.00, '2013-09-05 21:05:55'),
(746, 2, 13, 2, 6, 2008, 64.00, '2013-09-05 21:05:55'),
(747, 87, 14, 2, 6, 2008, 61.00, '2013-09-05 21:05:55'),
(748, 116, 15, 2, 6, 2008, 58.00, '2013-09-05 21:05:56'),
(749, 124, 16, 2, 6, 2008, 55.00, '2013-09-05 21:05:56'),
(750, 43, 17, 2, 6, 2008, 52.00, '2013-09-05 21:05:56'),
(751, 32, 18, 2, 6, 2008, 49.00, '2013-09-05 21:05:56'),
(752, 102, 19, 2, 6, 2008, 46.00, '2013-09-05 21:05:56'),
(753, 11, 20, 2, 6, 2008, 43.00, '2013-09-05 21:05:56'),
(754, 92, 21, 2, 6, 2008, 40.00, '2013-09-05 21:05:56'),
(755, 119, 22, 2, 6, 2008, 37.00, '2013-09-05 21:05:56'),
(756, 90, 23, 2, 6, 2008, 34.00, '2013-09-05 21:05:56'),
(757, 20, 24, 2, 6, 2008, 31.00, '2013-09-05 21:05:56'),
(758, 80, 25, 2, 6, 2008, 28.00, '2013-09-05 21:05:56'),
(759, 89, 1, 2, 7, 2008, 100.00, '2013-09-05 21:05:57'),
(760, 51, 2, 2, 7, 2008, 97.00, '2013-09-05 21:05:57'),
(761, 1, 3, 2, 7, 2008, 94.00, '2013-09-05 21:05:57'),
(762, 66, 4, 2, 7, 2008, 91.00, '2013-09-05 21:05:57'),
(763, 109, 5, 2, 7, 2008, 88.00, '2013-09-05 21:05:58'),
(764, 94, 6, 2, 7, 2008, 85.00, '2013-09-05 21:05:58'),
(765, 112, 7, 2, 7, 2008, 82.00, '2013-09-05 21:05:58'),
(766, 16, 8, 2, 7, 2008, 79.00, '2013-09-05 21:05:58'),
(767, 115, 9, 2, 7, 2008, 76.00, '2013-09-05 21:05:58'),
(768, 28, 10, 2, 7, 2008, 73.00, '2013-09-05 21:05:58'),
(769, 22, 11, 2, 7, 2008, 70.00, '2013-09-05 21:05:58'),
(770, 87, 12, 2, 7, 2008, 67.00, '2013-09-05 21:05:58'),
(771, 116, 13, 2, 7, 2008, 64.00, '2013-09-05 21:05:58'),
(772, 102, 14, 2, 7, 2008, 61.00, '2013-09-05 21:05:58'),
(773, 32, 15, 2, 7, 2008, 58.00, '2013-09-05 21:05:58'),
(774, 43, 16, 2, 7, 2008, 55.00, '2013-09-05 21:05:58'),
(775, 90, 17, 2, 7, 2008, 52.00, '2013-09-05 21:05:58'),
(776, 119, 18, 2, 7, 2008, 49.00, '2013-09-05 21:05:59'),
(777, 26, 19, 2, 7, 2008, 46.00, '2013-09-05 21:05:59'),
(778, 2, 20, 2, 7, 2008, 43.00, '2013-09-05 21:05:59'),
(779, 60, 21, 2, 7, 2008, 40.00, '2013-09-05 21:05:59'),
(780, 80, 22, 2, 7, 2008, 37.00, '2013-09-05 21:05:59'),
(781, 36, 23, 2, 7, 2008, 34.00, '2013-09-05 21:05:59'),
(782, 124, 24, 2, 7, 2008, 31.00, '2013-09-05 21:05:59'),
(783, 78, 25, 2, 7, 2008, 28.00, '2013-09-05 21:05:59'),
(784, 109, 1, 2, 8, 2008, 100.00, '2013-09-05 21:06:00'),
(785, 1, 2, 2, 8, 2008, 97.00, '2013-09-05 21:06:00'),
(786, 94, 3, 2, 8, 2008, 94.00, '2013-09-05 21:06:00'),
(787, 89, 4, 2, 8, 2008, 91.00, '2013-09-05 21:06:00'),
(788, 16, 5, 2, 8, 2008, 88.00, '2013-09-05 21:06:00'),
(789, 22, 6, 2, 8, 2008, 85.00, '2013-09-05 21:06:00'),
(790, 112, 7, 2, 8, 2008, 82.00, '2013-09-05 21:06:00'),
(791, 115, 8, 2, 8, 2008, 79.00, '2013-09-05 21:06:00'),
(792, 28, 9, 2, 8, 2008, 76.00, '2013-09-05 21:06:00'),
(793, 90, 10, 2, 8, 2008, 73.00, '2013-09-05 21:06:00'),
(794, 66, 11, 2, 8, 2008, 70.00, '2013-09-05 21:06:00'),
(795, 51, 12, 2, 8, 2008, 67.00, '2013-09-05 21:06:00'),
(796, 87, 13, 2, 8, 2008, 64.00, '2013-09-05 21:06:00'),
(797, 116, 14, 2, 8, 2008, 61.00, '2013-09-05 21:06:00'),
(798, 32, 15, 2, 8, 2008, 58.00, '2013-09-05 21:06:00'),
(799, 43, 16, 2, 8, 2008, 55.00, '2013-09-05 21:06:00'),
(800, 119, 17, 2, 8, 2008, 52.00, '2013-09-05 21:06:01'),
(801, 60, 18, 2, 8, 2008, 49.00, '2013-09-05 21:06:01'),
(802, 26, 19, 2, 8, 2008, 46.00, '2013-09-05 21:06:01'),
(803, 78, 20, 2, 8, 2008, 43.00, '2013-09-05 21:06:01'),
(804, 80, 21, 2, 8, 2008, 40.00, '2013-09-05 21:06:01'),
(805, 102, 22, 2, 8, 2008, 37.00, '2013-09-05 21:06:01'),
(806, 37, 23, 2, 8, 2008, 34.00, '2013-09-05 21:06:01'),
(807, 10, 24, 2, 8, 2008, 31.00, '2013-09-05 21:06:01'),
(808, 95, 25, 2, 8, 2008, 28.00, '2013-09-05 21:06:01'),
(809, 109, 1, 2, 9, 2008, 100.00, '2013-09-05 21:06:02'),
(810, 1, 2, 2, 9, 2008, 97.00, '2013-09-05 21:06:02'),
(811, 94, 3, 2, 9, 2008, 94.00, '2013-09-05 21:06:02'),
(812, 89, 4, 2, 9, 2008, 91.00, '2013-09-05 21:06:02'),
(813, 16, 5, 2, 9, 2008, 88.00, '2013-09-05 21:06:02'),
(814, 22, 6, 2, 9, 2008, 85.00, '2013-09-05 21:06:02'),
(815, 112, 7, 2, 9, 2008, 82.00, '2013-09-05 21:06:02'),
(816, 90, 8, 2, 9, 2008, 79.00, '2013-09-05 21:06:02'),
(817, 28, 9, 2, 9, 2008, 76.00, '2013-09-05 21:06:02'),
(818, 87, 10, 2, 9, 2008, 73.00, '2013-09-05 21:06:02'),
(819, 51, 11, 2, 9, 2008, 70.00, '2013-09-05 21:06:02'),
(820, 116, 12, 2, 9, 2008, 67.00, '2013-09-05 21:06:02'),
(821, 32, 13, 2, 9, 2008, 64.00, '2013-09-05 21:06:02'),
(822, 26, 14, 2, 9, 2008, 61.00, '2013-09-05 21:06:02'),
(823, 108, 15, 2, 9, 2008, 58.00, '2013-09-05 21:06:02'),
(824, 66, 16, 2, 9, 2008, 55.00, '2013-09-05 21:06:02'),
(825, 115, 17, 2, 9, 2008, 52.00, '2013-09-05 21:06:02'),
(826, 95, 18, 2, 9, 2008, 49.00, '2013-09-05 21:06:02'),
(827, 43, 19, 2, 9, 2008, 46.00, '2013-09-05 21:06:02'),
(828, 37, 20, 2, 9, 2008, 43.00, '2013-09-05 21:06:02'),
(829, 91, 21, 2, 9, 2008, 40.00, '2013-09-05 21:06:02'),
(830, 30, 22, 2, 9, 2008, 37.00, '2013-09-05 21:06:03'),
(831, 24, 23, 2, 9, 2008, 34.00, '2013-09-05 21:06:03'),
(832, 55, 24, 2, 9, 2008, 31.00, '2013-09-05 21:06:03'),
(833, 62, 25, 2, 9, 2008, 28.00, '2013-09-05 21:06:03'),
(834, 109, 1, 2, 10, 2008, 100.00, '2013-09-05 21:06:03'),
(835, 1, 2, 2, 10, 2008, 97.00, '2013-09-05 21:06:03'),
(836, 94, 3, 2, 10, 2008, 94.00, '2013-09-05 21:06:03'),
(837, 89, 4, 2, 10, 2008, 91.00, '2013-09-05 21:06:03'),
(838, 112, 5, 2, 10, 2008, 88.00, '2013-09-05 21:06:04'),
(839, 22, 6, 2, 10, 2008, 85.00, '2013-09-05 21:06:04'),
(840, 16, 7, 2, 10, 2008, 82.00, '2013-09-05 21:06:04'),
(841, 28, 8, 2, 10, 2008, 79.00, '2013-09-05 21:06:04'),
(842, 90, 9, 2, 10, 2008, 76.00, '2013-09-05 21:06:04'),
(843, 116, 10, 2, 10, 2008, 73.00, '2013-09-05 21:06:04'),
(844, 32, 11, 2, 10, 2008, 70.00, '2013-09-05 21:06:04'),
(845, 87, 12, 2, 10, 2008, 67.00, '2013-09-05 21:06:04'),
(846, 108, 13, 2, 10, 2008, 64.00, '2013-09-05 21:06:04'),
(847, 66, 14, 2, 10, 2008, 61.00, '2013-09-05 21:06:04'),
(848, 115, 15, 2, 10, 2008, 58.00, '2013-09-05 21:06:04'),
(849, 51, 16, 2, 10, 2008, 55.00, '2013-09-05 21:06:04'),
(850, 37, 17, 2, 10, 2008, 52.00, '2013-09-05 21:06:04'),
(851, 24, 18, 2, 10, 2008, 49.00, '2013-09-05 21:06:04'),
(852, 91, 19, 2, 10, 2008, 46.00, '2013-09-05 21:06:04'),
(853, 62, 20, 2, 10, 2008, 43.00, '2013-09-05 21:06:04'),
(854, 60, 21, 2, 10, 2008, 40.00, '2013-09-05 21:06:04'),
(855, 78, 22, 2, 10, 2008, 37.00, '2013-09-05 21:06:04'),
(856, 26, 23, 2, 10, 2008, 34.00, '2013-09-05 21:06:04'),
(857, 92, 24, 2, 10, 2008, 31.00, '2013-09-05 21:06:04'),
(858, 30, 25, 2, 10, 2008, 28.00, '2013-09-05 21:06:04'),
(859, 10, 25, 2, 10, 2008, 28.00, '2013-09-05 21:06:04'),
(860, 1, 1, 2, 11, 2008, 100.00, '2013-09-05 21:06:05'),
(861, 94, 2, 2, 11, 2008, 97.00, '2013-09-05 21:06:05'),
(862, 112, 3, 2, 11, 2008, 94.00, '2013-09-05 21:06:05'),
(863, 22, 4, 2, 11, 2008, 91.00, '2013-09-05 21:06:05'),
(864, 89, 5, 2, 11, 2008, 88.00, '2013-09-05 21:06:05'),
(865, 109, 6, 2, 11, 2008, 85.00, '2013-09-05 21:06:05'),
(866, 16, 7, 2, 11, 2008, 82.00, '2013-09-05 21:06:05'),
(867, 90, 8, 2, 11, 2008, 79.00, '2013-09-05 21:06:06'),
(868, 116, 9, 2, 11, 2008, 76.00, '2013-09-05 21:06:06'),
(869, 32, 10, 2, 11, 2008, 73.00, '2013-09-05 21:06:06'),
(870, 87, 11, 2, 11, 2008, 70.00, '2013-09-05 21:06:06'),
(871, 108, 12, 2, 11, 2008, 67.00, '2013-09-05 21:06:06'),
(872, 66, 13, 2, 11, 2008, 64.00, '2013-09-05 21:06:06'),
(873, 28, 14, 2, 11, 2008, 61.00, '2013-09-05 21:06:06'),
(874, 51, 15, 2, 11, 2008, 58.00, '2013-09-05 21:06:06'),
(875, 115, 16, 2, 11, 2008, 55.00, '2013-09-05 21:06:06'),
(876, 37, 17, 2, 11, 2008, 52.00, '2013-09-05 21:06:06'),
(877, 60, 18, 2, 11, 2008, 49.00, '2013-09-05 21:06:06'),
(878, 78, 19, 2, 11, 2008, 46.00, '2013-09-05 21:06:06'),
(879, 30, 20, 2, 11, 2008, 43.00, '2013-09-05 21:06:06'),
(880, 10, 21, 2, 11, 2008, 40.00, '2013-09-05 21:06:07'),
(881, 123, 22, 2, 11, 2008, 37.00, '2013-09-05 21:06:07'),
(882, 53, 23, 2, 11, 2008, 34.00, '2013-09-05 21:06:07'),
(883, 24, 24, 2, 11, 2008, 31.00, '2013-09-05 21:06:07'),
(884, 91, 25, 2, 11, 2008, 28.00, '2013-09-05 21:06:07'),
(885, 1, 1, 2, 12, 2008, 100.00, '2013-09-05 21:06:08'),
(886, 112, 2, 2, 12, 2008, 97.00, '2013-09-05 21:06:08'),
(887, 22, 3, 2, 12, 2008, 94.00, '2013-09-05 21:06:08'),
(888, 109, 4, 2, 12, 2008, 91.00, '2013-09-05 21:06:08'),
(889, 89, 5, 2, 12, 2008, 88.00, '2013-09-05 21:06:08'),
(890, 16, 6, 2, 12, 2008, 85.00, '2013-09-05 21:06:08'),
(891, 94, 7, 2, 12, 2008, 82.00, '2013-09-05 21:06:08'),
(892, 116, 8, 2, 12, 2008, 79.00, '2013-09-05 21:06:08'),
(893, 32, 9, 2, 12, 2008, 76.00, '2013-09-05 21:06:08'),
(894, 87, 10, 2, 12, 2008, 73.00, '2013-09-05 21:06:08'),
(895, 66, 11, 2, 12, 2008, 70.00, '2013-09-05 21:06:08'),
(896, 28, 12, 2, 12, 2008, 67.00, '2013-09-05 21:06:08'),
(897, 90, 13, 2, 12, 2008, 64.00, '2013-09-05 21:06:09'),
(898, 115, 14, 2, 12, 2008, 61.00, '2013-09-05 21:06:09'),
(899, 37, 15, 2, 12, 2008, 58.00, '2013-09-05 21:06:09'),
(900, 60, 16, 2, 12, 2008, 55.00, '2013-09-05 21:06:09'),
(901, 78, 17, 2, 12, 2008, 52.00, '2013-09-05 21:06:09'),
(902, 108, 18, 2, 12, 2008, 49.00, '2013-09-05 21:06:09'),
(903, 51, 19, 2, 12, 2008, 46.00, '2013-09-05 21:06:09');
INSERT INTO `ranks` (`id`, `team`, `rank`, `poll`, `week`, `year`, `price`, `timestamp`) VALUES
(904, 24, 20, 2, 12, 2008, 43.00, '2013-09-05 21:06:09'),
(905, 95, 21, 2, 12, 2008, 40.00, '2013-09-05 21:06:09'),
(906, 91, 22, 2, 12, 2008, 37.00, '2013-09-05 21:06:09'),
(907, 83, 23, 2, 12, 2008, 34.00, '2013-09-05 21:06:09'),
(908, 98, 24, 2, 12, 2008, 31.00, '2013-09-05 21:06:09'),
(909, 10, 25, 2, 12, 2008, 28.00, '2013-09-05 21:06:09'),
(910, 1, 1, 2, 13, 2008, 100.00, '2013-09-05 21:06:10'),
(911, 112, 2, 2, 13, 2008, 97.00, '2013-09-05 21:06:10'),
(912, 22, 3, 2, 13, 2008, 94.00, '2013-09-05 21:06:10'),
(913, 109, 4, 2, 13, 2008, 91.00, '2013-09-05 21:06:10'),
(914, 89, 5, 2, 13, 2008, 88.00, '2013-09-05 21:06:10'),
(915, 16, 6, 2, 13, 2008, 85.00, '2013-09-05 21:06:10'),
(916, 94, 7, 2, 13, 2008, 82.00, '2013-09-05 21:06:10'),
(917, 116, 8, 2, 13, 2008, 79.00, '2013-09-05 21:06:10'),
(918, 32, 9, 2, 13, 2008, 76.00, '2013-09-05 21:06:10'),
(919, 87, 10, 2, 13, 2008, 73.00, '2013-09-05 21:06:10'),
(920, 66, 11, 2, 13, 2008, 70.00, '2013-09-05 21:06:10'),
(921, 28, 12, 2, 13, 2008, 67.00, '2013-09-05 21:06:10'),
(922, 90, 13, 2, 13, 2008, 64.00, '2013-09-05 21:06:10'),
(923, 115, 14, 2, 13, 2008, 61.00, '2013-09-05 21:06:10'),
(924, 37, 15, 2, 13, 2008, 58.00, '2013-09-05 21:06:10'),
(925, 60, 16, 2, 13, 2008, 55.00, '2013-09-05 21:06:10'),
(926, 108, 17, 2, 13, 2008, 52.00, '2013-09-05 21:06:10'),
(927, 51, 18, 2, 13, 2008, 49.00, '2013-09-05 21:06:10'),
(928, 95, 19, 2, 13, 2008, 46.00, '2013-09-05 21:06:10'),
(929, 83, 20, 2, 13, 2008, 43.00, '2013-09-05 21:06:11'),
(930, 93, 21, 2, 13, 2008, 40.00, '2013-09-05 21:06:11'),
(931, 92, 22, 2, 13, 2008, 37.00, '2013-09-05 21:06:11'),
(932, 53, 23, 2, 13, 2008, 34.00, '2013-09-05 21:06:11'),
(933, 78, 24, 2, 13, 2008, 31.00, '2013-09-05 21:06:11'),
(934, 55, 25, 2, 13, 2008, 28.00, '2013-09-05 21:06:11'),
(935, 1, 1, 2, 14, 2008, 100.00, '2013-09-05 21:06:11'),
(936, 22, 2, 2, 14, 2008, 97.00, '2013-09-05 21:06:12'),
(937, 89, 3, 2, 14, 2008, 94.00, '2013-09-05 21:06:12'),
(938, 109, 4, 2, 14, 2008, 91.00, '2013-09-05 21:06:12'),
(939, 16, 5, 2, 14, 2008, 88.00, '2013-09-05 21:06:12'),
(940, 94, 6, 2, 14, 2008, 85.00, '2013-09-05 21:06:12'),
(941, 112, 7, 2, 14, 2008, 82.00, '2013-09-05 21:06:12'),
(942, 116, 8, 2, 14, 2008, 79.00, '2013-09-05 21:06:12'),
(943, 32, 9, 2, 14, 2008, 76.00, '2013-09-05 21:06:12'),
(944, 87, 10, 2, 14, 2008, 73.00, '2013-09-05 21:06:12'),
(945, 66, 11, 2, 14, 2008, 70.00, '2013-09-05 21:06:12'),
(946, 90, 12, 2, 14, 2008, 67.00, '2013-09-05 21:06:12'),
(947, 28, 13, 2, 14, 2008, 64.00, '2013-09-05 21:06:12'),
(948, 37, 14, 2, 14, 2008, 61.00, '2013-09-05 21:06:12'),
(949, 108, 15, 2, 14, 2008, 58.00, '2013-09-05 21:06:12'),
(950, 83, 16, 2, 14, 2008, 55.00, '2013-09-05 21:06:12'),
(951, 93, 17, 2, 14, 2008, 52.00, '2013-09-05 21:06:12'),
(952, 115, 18, 2, 14, 2008, 49.00, '2013-09-05 21:06:12'),
(953, 92, 19, 2, 14, 2008, 46.00, '2013-09-05 21:06:12'),
(954, 55, 20, 2, 14, 2008, 43.00, '2013-09-05 21:06:12'),
(955, 60, 21, 2, 14, 2008, 40.00, '2013-09-05 21:06:12'),
(956, 30, 22, 2, 14, 2008, 37.00, '2013-09-05 21:06:12'),
(957, 24, 23, 2, 14, 2008, 34.00, '2013-09-05 21:06:12'),
(958, 36, 24, 2, 14, 2008, 31.00, '2013-09-05 21:06:13'),
(959, 95, 25, 2, 14, 2008, 28.00, '2013-09-05 21:06:13'),
(960, 1, 1, 2, 15, 2008, 100.00, '2013-09-05 21:06:13'),
(961, 22, 2, 2, 15, 2008, 97.00, '2013-09-05 21:06:13'),
(962, 109, 3, 2, 15, 2008, 94.00, '2013-09-05 21:06:13'),
(963, 89, 4, 2, 15, 2008, 91.00, '2013-09-05 21:06:13'),
(964, 16, 5, 2, 15, 2008, 88.00, '2013-09-05 21:06:13'),
(965, 94, 6, 2, 15, 2008, 85.00, '2013-09-05 21:06:13'),
(966, 116, 7, 2, 15, 2008, 82.00, '2013-09-05 21:06:14'),
(967, 112, 8, 2, 15, 2008, 79.00, '2013-09-05 21:06:14'),
(968, 32, 9, 2, 15, 2008, 76.00, '2013-09-05 21:06:14'),
(969, 87, 10, 2, 15, 2008, 73.00, '2013-09-05 21:06:14'),
(970, 37, 11, 2, 15, 2008, 70.00, '2013-09-05 21:06:14'),
(971, 108, 12, 2, 15, 2008, 67.00, '2013-09-05 21:06:14'),
(972, 83, 13, 2, 15, 2008, 64.00, '2013-09-05 21:06:14'),
(973, 90, 14, 2, 15, 2008, 61.00, '2013-09-05 21:06:14'),
(974, 92, 15, 2, 15, 2008, 58.00, '2013-09-05 21:06:14'),
(975, 30, 16, 2, 15, 2008, 55.00, '2013-09-05 21:06:14'),
(976, 115, 17, 2, 15, 2008, 52.00, '2013-09-05 21:06:14'),
(977, 66, 18, 2, 15, 2008, 49.00, '2013-09-05 21:06:14'),
(978, 55, 19, 2, 15, 2008, 46.00, '2013-09-05 21:06:14'),
(979, 28, 20, 2, 15, 2008, 43.00, '2013-09-05 21:06:14'),
(980, 60, 21, 2, 15, 2008, 40.00, '2013-09-05 21:06:14'),
(981, 36, 22, 2, 15, 2008, 37.00, '2013-09-05 21:06:14'),
(982, 95, 23, 2, 15, 2008, 34.00, '2013-09-05 21:06:14'),
(983, 64, 24, 2, 15, 2008, 31.00, '2013-09-05 21:06:14'),
(984, 93, 25, 2, 15, 2008, 28.00, '2013-09-05 21:06:14'),
(985, 1, 1, 2, 0, 2008, 100.00, '2013-09-05 21:06:15'),
(986, 22, 2, 2, 0, 2008, 97.00, '2013-09-05 21:06:15'),
(987, 109, 3, 2, 0, 2008, 94.00, '2013-09-05 21:06:15'),
(988, 89, 4, 2, 0, 2008, 91.00, '2013-09-05 21:06:15'),
(989, 16, 5, 2, 0, 2008, 88.00, '2013-09-05 21:06:15'),
(990, 94, 6, 2, 0, 2008, 85.00, '2013-09-05 21:06:15'),
(991, 116, 7, 2, 0, 2008, 82.00, '2013-09-05 21:06:15'),
(992, 112, 8, 2, 0, 2008, 79.00, '2013-09-05 21:06:15'),
(993, 32, 9, 2, 0, 2008, 76.00, '2013-09-05 21:06:15'),
(994, 87, 10, 2, 0, 2008, 73.00, '2013-09-05 21:06:15'),
(995, 37, 11, 2, 0, 2008, 70.00, '2013-09-05 21:06:15'),
(996, 108, 12, 2, 0, 2008, 67.00, '2013-09-05 21:06:16'),
(997, 83, 13, 2, 0, 2008, 64.00, '2013-09-05 21:06:16'),
(998, 90, 14, 2, 0, 2008, 61.00, '2013-09-05 21:06:16'),
(999, 92, 15, 2, 0, 2008, 58.00, '2013-09-05 21:06:16'),
(1000, 30, 16, 2, 0, 2008, 55.00, '2013-09-05 21:06:16'),
(1001, 115, 17, 2, 0, 2008, 52.00, '2013-09-05 21:06:16'),
(1002, 66, 18, 2, 0, 2008, 49.00, '2013-09-05 21:06:16'),
(1003, 55, 19, 2, 0, 2008, 46.00, '2013-09-05 21:06:16'),
(1004, 28, 20, 2, 0, 2008, 43.00, '2013-09-05 21:06:16'),
(1005, 60, 21, 2, 0, 2008, 40.00, '2013-09-05 21:06:16'),
(1006, 36, 22, 2, 0, 2008, 37.00, '2013-09-05 21:06:16'),
(1007, 95, 23, 2, 0, 2008, 34.00, '2013-09-05 21:06:16'),
(1008, 64, 24, 2, 0, 2008, 31.00, '2013-09-05 21:06:16'),
(1009, 93, 25, 2, 0, 2008, 28.00, '2013-09-05 21:06:17'),
(1010, 22, 1, 2, 1, 2009, 100.00, '2013-09-05 21:06:17'),
(1011, 109, 2, 2, 1, 2009, 97.00, '2013-09-05 21:06:17'),
(1012, 1, 3, 2, 1, 2009, 94.00, '2013-09-05 21:06:17'),
(1013, 108, 4, 2, 1, 2009, 91.00, '2013-09-05 21:06:17'),
(1014, 83, 5, 2, 1, 2009, 88.00, '2013-09-05 21:06:18'),
(1015, 32, 6, 2, 1, 2009, 85.00, '2013-09-05 21:06:18'),
(1016, 87, 7, 2, 1, 2009, 82.00, '2013-09-05 21:06:18'),
(1017, 92, 8, 2, 1, 2009, 79.00, '2013-09-05 21:06:18'),
(1018, 94, 9, 2, 1, 2009, 76.00, '2013-09-05 21:06:18'),
(1019, 41, 10, 2, 1, 2009, 73.00, '2013-09-05 21:06:18'),
(1020, 30, 11, 2, 1, 2009, 70.00, '2013-09-05 21:06:18'),
(1021, 119, 12, 2, 1, 2009, 67.00, '2013-09-05 21:06:18'),
(1022, 115, 13, 2, 1, 2009, 64.00, '2013-09-05 21:06:18'),
(1023, 51, 14, 2, 1, 2009, 61.00, '2013-09-05 21:06:18'),
(1024, 95, 15, 2, 1, 2009, 58.00, '2013-09-05 21:06:19'),
(1025, 93, 16, 2, 1, 2009, 55.00, '2013-09-05 21:06:19'),
(1026, 25, 17, 2, 1, 2009, 52.00, '2013-09-05 21:06:19'),
(1027, 104, 18, 2, 1, 2009, 49.00, '2013-09-05 21:06:19'),
(1028, 16, 19, 2, 1, 2009, 46.00, '2013-09-05 21:06:19'),
(1029, 90, 20, 2, 1, 2009, 43.00, '2013-09-05 21:06:19'),
(1030, 10, 21, 2, 1, 2009, 40.00, '2013-09-05 21:06:19'),
(1031, 67, 22, 2, 1, 2009, 37.00, '2013-09-05 21:06:19'),
(1032, 14, 23, 2, 1, 2009, 34.00, '2013-09-05 21:06:19'),
(1033, 116, 24, 2, 1, 2009, 31.00, '2013-09-05 21:06:19'),
(1034, 123, 25, 2, 1, 2009, 28.00, '2013-09-05 21:06:19'),
(1035, 22, 1, 2, 2, 2009, 100.00, '2013-09-05 21:06:20'),
(1036, 109, 2, 2, 2, 2009, 97.00, '2013-09-05 21:06:20'),
(1037, 1, 3, 2, 2, 2009, 94.00, '2013-09-05 21:06:20'),
(1038, 108, 4, 2, 2, 2009, 91.00, '2013-09-05 21:06:20'),
(1039, 83, 5, 2, 2, 2009, 88.00, '2013-09-05 21:06:20'),
(1040, 32, 6, 2, 2, 2009, 85.00, '2013-09-05 21:06:20'),
(1041, 87, 7, 2, 2, 2009, 82.00, '2013-09-05 21:06:20'),
(1042, 92, 8, 2, 2, 2009, 79.00, '2013-09-05 21:06:20'),
(1043, 94, 9, 2, 2, 2009, 76.00, '2013-09-05 21:06:20'),
(1044, 41, 10, 2, 2, 2009, 73.00, '2013-09-05 21:06:20'),
(1045, 30, 11, 2, 2, 2009, 70.00, '2013-09-05 21:06:20'),
(1046, 119, 12, 2, 2, 2009, 67.00, '2013-09-05 21:06:20'),
(1047, 115, 13, 2, 2, 2009, 64.00, '2013-09-05 21:06:20'),
(1048, 51, 14, 2, 2, 2009, 61.00, '2013-09-05 21:06:20'),
(1049, 95, 15, 2, 2, 2009, 58.00, '2013-09-05 21:06:20'),
(1050, 93, 16, 2, 2, 2009, 55.00, '2013-09-05 21:06:20'),
(1051, 25, 17, 2, 2, 2009, 52.00, '2013-09-05 21:06:20'),
(1052, 104, 18, 2, 2, 2009, 49.00, '2013-09-05 21:06:20'),
(1053, 16, 19, 2, 2, 2009, 46.00, '2013-09-05 21:06:21'),
(1054, 90, 20, 2, 2, 2009, 43.00, '2013-09-05 21:06:21'),
(1055, 10, 21, 2, 2, 2009, 40.00, '2013-09-05 21:06:21'),
(1056, 67, 22, 2, 2, 2009, 37.00, '2013-09-05 21:06:21'),
(1057, 14, 23, 2, 2, 2009, 34.00, '2013-09-05 21:06:21'),
(1058, 116, 24, 2, 2, 2009, 31.00, '2013-09-05 21:06:21'),
(1059, 123, 25, 2, 2, 2009, 28.00, '2013-09-05 21:06:21'),
(1060, 22, 1, 2, 3, 2009, 100.00, '2013-09-05 21:06:21'),
(1061, 109, 2, 2, 3, 2009, 97.00, '2013-09-05 21:06:22'),
(1062, 1, 3, 2, 3, 2009, 94.00, '2013-09-05 21:06:22'),
(1063, 108, 4, 2, 3, 2009, 91.00, '2013-09-05 21:06:22'),
(1064, 83, 5, 2, 3, 2009, 88.00, '2013-09-05 21:06:22'),
(1065, 32, 6, 2, 3, 2009, 85.00, '2013-09-05 21:06:22'),
(1066, 87, 7, 2, 3, 2009, 82.00, '2013-09-05 21:06:22'),
(1067, 92, 8, 2, 3, 2009, 79.00, '2013-09-05 21:06:22'),
(1068, 94, 9, 2, 3, 2009, 76.00, '2013-09-05 21:06:22'),
(1069, 41, 10, 2, 3, 2009, 73.00, '2013-09-05 21:06:22'),
(1070, 30, 11, 2, 3, 2009, 70.00, '2013-09-05 21:06:22'),
(1071, 119, 12, 2, 3, 2009, 67.00, '2013-09-05 21:06:22'),
(1072, 115, 13, 2, 3, 2009, 64.00, '2013-09-05 21:06:22'),
(1073, 51, 14, 2, 3, 2009, 61.00, '2013-09-05 21:06:22'),
(1074, 95, 15, 2, 3, 2009, 58.00, '2013-09-05 21:06:22'),
(1075, 93, 16, 2, 3, 2009, 55.00, '2013-09-05 21:06:22'),
(1076, 25, 17, 2, 3, 2009, 52.00, '2013-09-05 21:06:22'),
(1077, 104, 18, 2, 3, 2009, 49.00, '2013-09-05 21:06:22'),
(1078, 16, 19, 2, 3, 2009, 46.00, '2013-09-05 21:06:22'),
(1079, 90, 20, 2, 3, 2009, 43.00, '2013-09-05 21:06:22'),
(1080, 10, 21, 2, 3, 2009, 40.00, '2013-09-05 21:06:23'),
(1081, 67, 22, 2, 3, 2009, 37.00, '2013-09-05 21:06:23'),
(1082, 14, 23, 2, 3, 2009, 34.00, '2013-09-05 21:06:23'),
(1083, 116, 24, 2, 3, 2009, 31.00, '2013-09-05 21:06:23'),
(1084, 123, 25, 2, 3, 2009, 28.00, '2013-09-05 21:06:23'),
(1085, 22, 1, 2, 4, 2009, 100.00, '2013-09-05 21:06:23'),
(1086, 109, 2, 2, 4, 2009, 97.00, '2013-09-05 21:06:24'),
(1087, 1, 3, 2, 4, 2009, 94.00, '2013-09-05 21:06:24'),
(1088, 108, 4, 2, 4, 2009, 91.00, '2013-09-05 21:06:24'),
(1089, 83, 5, 2, 4, 2009, 88.00, '2013-09-05 21:06:24'),
(1090, 32, 6, 2, 4, 2009, 85.00, '2013-09-05 21:06:24'),
(1091, 87, 7, 2, 4, 2009, 82.00, '2013-09-05 21:06:24'),
(1092, 92, 8, 2, 4, 2009, 79.00, '2013-09-05 21:06:24'),
(1093, 94, 9, 2, 4, 2009, 76.00, '2013-09-05 21:06:24'),
(1094, 41, 10, 2, 4, 2009, 73.00, '2013-09-05 21:06:24'),
(1095, 30, 11, 2, 4, 2009, 70.00, '2013-09-05 21:06:24'),
(1096, 119, 12, 2, 4, 2009, 67.00, '2013-09-05 21:06:24'),
(1097, 115, 13, 2, 4, 2009, 64.00, '2013-09-05 21:06:24'),
(1098, 51, 14, 2, 4, 2009, 61.00, '2013-09-05 21:06:24'),
(1099, 95, 15, 2, 4, 2009, 58.00, '2013-09-05 21:06:24'),
(1100, 93, 16, 2, 4, 2009, 55.00, '2013-09-05 21:06:24'),
(1101, 25, 17, 2, 4, 2009, 52.00, '2013-09-05 21:06:24'),
(1102, 104, 18, 2, 4, 2009, 49.00, '2013-09-05 21:06:24'),
(1103, 16, 19, 2, 4, 2009, 46.00, '2013-09-05 21:06:24'),
(1104, 90, 20, 2, 4, 2009, 43.00, '2013-09-05 21:06:24'),
(1105, 10, 21, 2, 4, 2009, 40.00, '2013-09-05 21:06:24'),
(1106, 67, 22, 2, 4, 2009, 37.00, '2013-09-05 21:06:24'),
(1107, 14, 23, 2, 4, 2009, 34.00, '2013-09-05 21:06:24'),
(1108, 116, 24, 2, 4, 2009, 31.00, '2013-09-05 21:06:24'),
(1109, 123, 25, 2, 4, 2009, 28.00, '2013-09-05 21:06:25'),
(1110, 22, 1, 2, 5, 2009, 100.00, '2013-09-05 21:06:25'),
(1111, 109, 2, 2, 5, 2009, 97.00, '2013-09-05 21:06:25'),
(1112, 1, 3, 2, 5, 2009, 94.00, '2013-09-05 21:06:25'),
(1113, 51, 4, 2, 5, 2009, 91.00, '2013-09-05 21:06:25'),
(1114, 32, 5, 2, 5, 2009, 88.00, '2013-09-05 21:06:25'),
(1115, 119, 6, 2, 5, 2009, 85.00, '2013-09-05 21:06:26'),
(1116, 16, 7, 2, 5, 2009, 82.00, '2013-09-05 21:06:26'),
(1117, 87, 8, 2, 5, 2009, 79.00, '2013-09-05 21:06:26'),
(1118, 89, 9, 2, 5, 2009, 76.00, '2013-09-05 21:06:26'),
(1119, 83, 10, 2, 5, 2009, 73.00, '2013-09-05 21:06:26'),
(1120, 108, 11, 2, 5, 2009, 70.00, '2013-09-05 21:06:26'),
(1121, 94, 12, 2, 5, 2009, 67.00, '2013-09-05 21:06:26'),
(1122, 104, 13, 2, 5, 2009, 64.00, '2013-09-05 21:06:26'),
(1123, 41, 14, 2, 5, 2009, 61.00, '2013-09-05 21:06:26'),
(1124, 90, 15, 2, 5, 2009, 58.00, '2013-09-05 21:06:26'),
(1125, 43, 16, 2, 5, 2009, 55.00, '2013-09-05 21:06:26'),
(1126, 28, 17, 2, 5, 2009, 52.00, '2013-09-05 21:06:26'),
(1127, 64, 18, 2, 5, 2009, 49.00, '2013-09-05 21:06:26'),
(1128, 115, 19, 2, 5, 2009, 46.00, '2013-09-05 21:06:26'),
(1129, 59, 20, 2, 5, 2009, 43.00, '2013-09-05 21:06:26'),
(1130, 10, 21, 2, 5, 2009, 40.00, '2013-09-05 21:06:26'),
(1131, 25, 22, 2, 5, 2009, 37.00, '2013-09-05 21:06:26'),
(1132, 92, 23, 2, 5, 2009, 34.00, '2013-09-05 21:06:26'),
(1133, 67, 24, 2, 5, 2009, 31.00, '2013-09-05 21:06:26'),
(1134, 66, 25, 2, 5, 2009, 28.00, '2013-09-05 21:06:26'),
(1135, 22, 1, 2, 6, 2009, 100.00, '2013-09-05 21:06:27'),
(1136, 109, 2, 2, 6, 2009, 97.00, '2013-09-05 21:06:27'),
(1137, 1, 3, 2, 6, 2009, 94.00, '2013-09-05 21:06:27'),
(1138, 51, 4, 2, 6, 2009, 91.00, '2013-09-05 21:06:27'),
(1139, 32, 5, 2, 6, 2009, 88.00, '2013-09-05 21:06:27'),
(1140, 119, 6, 2, 6, 2009, 85.00, '2013-09-05 21:06:27'),
(1141, 16, 7, 2, 6, 2009, 82.00, '2013-09-05 21:06:27'),
(1142, 87, 8, 2, 6, 2009, 79.00, '2013-09-05 21:06:27'),
(1143, 83, 9, 2, 6, 2009, 76.00, '2013-09-05 21:06:27'),
(1144, 108, 10, 2, 6, 2009, 73.00, '2013-09-05 21:06:28'),
(1145, 41, 11, 2, 6, 2009, 70.00, '2013-09-05 21:06:28'),
(1146, 25, 12, 2, 6, 2009, 67.00, '2013-09-05 21:06:28'),
(1147, 94, 13, 2, 6, 2009, 64.00, '2013-09-05 21:06:28'),
(1148, 90, 14, 2, 6, 2009, 61.00, '2013-09-05 21:06:28'),
(1149, 92, 15, 2, 6, 2009, 58.00, '2013-09-05 21:06:28'),
(1150, 43, 16, 2, 6, 2009, 55.00, '2013-09-05 21:06:28'),
(1151, 115, 17, 2, 6, 2009, 52.00, '2013-09-05 21:06:28'),
(1152, 64, 18, 2, 6, 2009, 49.00, '2013-09-05 21:06:28'),
(1153, 2, 19, 2, 6, 2009, 46.00, '2013-09-05 21:06:28'),
(1154, 89, 20, 2, 6, 2009, 43.00, '2013-09-05 21:06:28'),
(1155, 67, 21, 2, 6, 2009, 40.00, '2013-09-05 21:06:28'),
(1156, 30, 22, 2, 6, 2009, 37.00, '2013-09-05 21:06:28'),
(1157, 66, 23, 2, 6, 2009, 34.00, '2013-09-05 21:06:28'),
(1158, 26, 24, 2, 6, 2009, 31.00, '2013-09-05 21:06:28'),
(1159, 124, 25, 2, 6, 2009, 28.00, '2013-09-05 21:06:28'),
(1160, 22, 1, 2, 7, 2009, 100.00, '2013-09-05 21:06:29'),
(1161, 109, 2, 2, 7, 2009, 97.00, '2013-09-05 21:06:29'),
(1162, 1, 2, 2, 7, 2009, 97.00, '2013-09-05 21:06:29'),
(1163, 119, 4, 2, 7, 2009, 91.00, '2013-09-05 21:06:29'),
(1164, 32, 5, 2, 7, 2009, 88.00, '2013-09-05 21:06:29'),
(1165, 16, 6, 2, 7, 2009, 85.00, '2013-09-05 21:06:29'),
(1166, 87, 7, 2, 7, 2009, 82.00, '2013-09-05 21:06:29'),
(1167, 83, 8, 2, 7, 2009, 79.00, '2013-09-05 21:06:29'),
(1168, 51, 9, 2, 7, 2009, 76.00, '2013-09-05 21:06:29'),
(1169, 108, 10, 2, 7, 2009, 73.00, '2013-09-05 21:06:29'),
(1170, 41, 11, 2, 7, 2009, 70.00, '2013-09-05 21:06:29'),
(1171, 25, 12, 2, 7, 2009, 67.00, '2013-09-05 21:06:29'),
(1172, 94, 13, 2, 7, 2009, 64.00, '2013-09-05 21:06:30'),
(1173, 92, 14, 2, 7, 2009, 61.00, '2013-09-05 21:06:30'),
(1174, 90, 15, 2, 7, 2009, 58.00, '2013-09-05 21:06:30'),
(1175, 43, 16, 2, 7, 2009, 55.00, '2013-09-05 21:06:30'),
(1176, 115, 17, 2, 7, 2009, 52.00, '2013-09-05 21:06:30'),
(1177, 89, 18, 2, 7, 2009, 49.00, '2013-09-05 21:06:30'),
(1178, 67, 19, 2, 7, 2009, 46.00, '2013-09-05 21:06:30'),
(1179, 30, 20, 2, 7, 2009, 43.00, '2013-09-05 21:06:30'),
(1180, 26, 21, 2, 7, 2009, 40.00, '2013-09-05 21:06:30'),
(1181, 98, 22, 2, 7, 2009, 37.00, '2013-09-05 21:06:30'),
(1182, 104, 23, 2, 7, 2009, 34.00, '2013-09-05 21:06:30'),
(1183, 2, 24, 2, 7, 2009, 31.00, '2013-09-05 21:06:30'),
(1184, 39, 25, 2, 7, 2009, 28.00, '2013-09-05 21:06:30'),
(1185, 22, 1, 2, 8, 2009, 100.00, '2013-09-05 21:06:31'),
(1186, 1, 2, 2, 8, 2009, 97.00, '2013-09-05 21:06:31'),
(1187, 109, 3, 2, 8, 2009, 94.00, '2013-09-05 21:06:31'),
(1188, 16, 4, 2, 8, 2009, 91.00, '2013-09-05 21:06:31'),
(1189, 32, 5, 2, 8, 2009, 88.00, '2013-09-05 21:06:31'),
(1190, 83, 6, 2, 8, 2009, 85.00, '2013-09-05 21:06:31'),
(1191, 41, 7, 2, 8, 2009, 82.00, '2013-09-05 21:06:31'),
(1192, 108, 8, 2, 8, 2009, 79.00, '2013-09-05 21:06:31'),
(1193, 51, 9, 2, 8, 2009, 76.00, '2013-09-05 21:06:31'),
(1194, 25, 10, 2, 8, 2009, 73.00, '2013-09-05 21:06:31'),
(1195, 94, 11, 2, 8, 2009, 70.00, '2013-09-05 21:06:31'),
(1196, 92, 12, 2, 8, 2009, 67.00, '2013-09-05 21:06:31'),
(1197, 30, 13, 2, 8, 2009, 64.00, '2013-09-05 21:06:31'),
(1198, 90, 14, 2, 8, 2009, 61.00, '2013-09-05 21:06:31'),
(1199, 119, 15, 2, 8, 2009, 58.00, '2013-09-05 21:06:31'),
(1200, 115, 16, 2, 8, 2009, 55.00, '2013-09-05 21:06:31'),
(1201, 87, 17, 2, 8, 2009, 52.00, '2013-09-05 21:06:32'),
(1202, 104, 18, 2, 8, 2009, 49.00, '2013-09-05 21:06:32'),
(1203, 116, 19, 2, 8, 2009, 46.00, '2013-09-05 21:06:32'),
(1204, 95, 20, 2, 8, 2009, 43.00, '2013-09-05 21:06:32'),
(1205, 43, 21, 2, 8, 2009, 40.00, '2013-09-05 21:06:32'),
(1206, 112, 22, 2, 8, 2009, 37.00, '2013-09-05 21:06:32'),
(1207, 123, 23, 2, 8, 2009, 34.00, '2013-09-05 21:06:32'),
(1208, 26, 24, 2, 8, 2009, 31.00, '2013-09-05 21:06:32'),
(1209, 89, 25, 2, 8, 2009, 28.00, '2013-09-05 21:06:32'),
(1210, 22, 1, 2, 9, 2009, 100.00, '2013-09-05 21:06:33'),
(1211, 1, 2, 2, 9, 2009, 97.00, '2013-09-05 21:06:33'),
(1212, 109, 3, 2, 9, 2009, 94.00, '2013-09-05 21:06:33'),
(1213, 16, 4, 2, 9, 2009, 91.00, '2013-09-05 21:06:33'),
(1214, 32, 5, 2, 9, 2009, 88.00, '2013-09-05 21:06:33'),
(1215, 83, 6, 2, 9, 2009, 85.00, '2013-09-05 21:06:33'),
(1216, 108, 7, 2, 9, 2009, 82.00, '2013-09-05 21:06:33'),
(1217, 41, 8, 2, 9, 2009, 79.00, '2013-09-05 21:06:33'),
(1218, 51, 9, 2, 9, 2009, 76.00, '2013-09-05 21:06:33'),
(1219, 94, 10, 2, 9, 2009, 73.00, '2013-09-05 21:06:33'),
(1220, 92, 11, 2, 9, 2009, 70.00, '2013-09-05 21:06:33'),
(1221, 30, 12, 2, 9, 2009, 67.00, '2013-09-05 21:06:33'),
(1222, 90, 13, 2, 9, 2009, 64.00, '2013-09-05 21:06:33'),
(1223, 119, 14, 2, 9, 2009, 61.00, '2013-09-05 21:06:33'),
(1224, 87, 15, 2, 9, 2009, 58.00, '2013-09-05 21:06:33'),
(1225, 104, 16, 2, 9, 2009, 55.00, '2013-09-05 21:06:33'),
(1226, 95, 17, 2, 9, 2009, 52.00, '2013-09-05 21:06:33'),
(1227, 25, 18, 2, 9, 2009, 49.00, '2013-09-05 21:06:33'),
(1228, 116, 19, 2, 9, 2009, 46.00, '2013-09-05 21:06:33'),
(1229, 123, 20, 2, 9, 2009, 43.00, '2013-09-05 21:06:33'),
(1230, 98, 21, 2, 9, 2009, 40.00, '2013-09-05 21:06:33'),
(1231, 89, 22, 2, 9, 2009, 37.00, '2013-09-05 21:06:34'),
(1232, 64, 23, 2, 9, 2009, 34.00, '2013-09-05 21:06:34'),
(1233, 39, 24, 2, 9, 2009, 31.00, '2013-09-05 21:06:34'),
(1234, 6, 25, 2, 9, 2009, 28.00, '2013-09-05 21:06:34'),
(1235, 22, 1, 2, 10, 2009, 100.00, '2013-09-05 21:06:34'),
(1236, 109, 2, 2, 10, 2009, 97.00, '2013-09-05 21:06:34'),
(1237, 1, 3, 2, 10, 2009, 94.00, '2013-09-05 21:06:34'),
(1238, 32, 4, 2, 10, 2009, 91.00, '2013-09-05 21:06:34'),
(1239, 83, 5, 2, 10, 2009, 88.00, '2013-09-05 21:06:35'),
(1240, 108, 6, 2, 10, 2009, 85.00, '2013-09-05 21:06:35'),
(1241, 41, 7, 2, 10, 2009, 82.00, '2013-09-05 21:06:35'),
(1242, 92, 8, 2, 10, 2009, 79.00, '2013-09-05 21:06:35'),
(1243, 51, 9, 2, 10, 2009, 76.00, '2013-09-05 21:06:35'),
(1244, 94, 10, 2, 10, 2009, 73.00, '2013-09-05 21:06:35'),
(1245, 30, 11, 2, 10, 2009, 70.00, '2013-09-05 21:06:35'),
(1246, 16, 12, 2, 10, 2009, 67.00, '2013-09-05 21:06:35'),
(1247, 87, 13, 2, 10, 2009, 64.00, '2013-09-05 21:06:35'),
(1248, 104, 14, 2, 10, 2009, 61.00, '2013-09-05 21:06:35'),
(1249, 95, 15, 2, 10, 2009, 58.00, '2013-09-05 21:06:35'),
(1250, 116, 16, 2, 10, 2009, 55.00, '2013-09-05 21:06:35'),
(1251, 25, 17, 2, 10, 2009, 52.00, '2013-09-05 21:06:35'),
(1252, 90, 18, 2, 10, 2009, 49.00, '2013-09-05 21:06:35'),
(1253, 89, 19, 2, 10, 2009, 46.00, '2013-09-05 21:06:35'),
(1254, 39, 20, 2, 10, 2009, 43.00, '2013-09-05 21:06:35'),
(1255, 6, 21, 2, 10, 2009, 40.00, '2013-09-05 21:06:35'),
(1256, 10, 22, 2, 10, 2009, 37.00, '2013-09-05 21:06:35'),
(1257, 119, 23, 2, 10, 2009, 34.00, '2013-09-05 21:06:35'),
(1258, 124, 24, 2, 10, 2009, 31.00, '2013-09-05 21:06:35'),
(1259, 115, 25, 2, 10, 2009, 28.00, '2013-09-05 21:06:35'),
(1260, 22, 1, 2, 11, 2009, 100.00, '2013-09-05 21:06:36'),
(1261, 109, 2, 2, 11, 2009, 97.00, '2013-09-05 21:06:36'),
(1262, 1, 3, 2, 11, 2009, 94.00, '2013-09-05 21:06:36'),
(1263, 108, 4, 2, 11, 2009, 91.00, '2013-09-05 21:06:36'),
(1264, 83, 5, 2, 11, 2009, 88.00, '2013-09-05 21:06:36'),
(1265, 32, 6, 2, 11, 2009, 85.00, '2013-09-05 21:06:36'),
(1266, 30, 7, 2, 11, 2009, 82.00, '2013-09-05 21:06:36'),
(1267, 87, 8, 2, 11, 2009, 79.00, '2013-09-05 21:06:37'),
(1268, 95, 9, 2, 11, 2009, 76.00, '2013-09-05 21:06:37'),
(1269, 16, 10, 2, 11, 2009, 73.00, '2013-09-05 21:06:37'),
(1270, 51, 11, 2, 11, 2009, 70.00, '2013-09-05 21:06:37'),
(1271, 41, 12, 2, 11, 2009, 67.00, '2013-09-05 21:06:37'),
(1272, 104, 13, 2, 11, 2009, 64.00, '2013-09-05 21:06:37'),
(1273, 92, 14, 2, 11, 2009, 61.00, '2013-09-05 21:06:37'),
(1274, 25, 15, 2, 11, 2009, 58.00, '2013-09-05 21:06:37'),
(1275, 116, 16, 2, 11, 2009, 55.00, '2013-09-05 21:06:37'),
(1276, 94, 17, 2, 11, 2009, 52.00, '2013-09-05 21:06:37'),
(1277, 90, 18, 2, 11, 2009, 49.00, '2013-09-05 21:06:37'),
(1278, 6, 19, 2, 11, 2009, 46.00, '2013-09-05 21:06:37'),
(1279, 124, 20, 2, 11, 2009, 43.00, '2013-09-05 21:06:37'),
(1280, 119, 21, 2, 11, 2009, 40.00, '2013-09-05 21:06:37'),
(1281, 115, 21, 2, 11, 2009, 40.00, '2013-09-05 21:06:37'),
(1282, 26, 23, 2, 11, 2009, 34.00, '2013-09-05 21:06:37'),
(1283, 123, 24, 2, 11, 2009, 31.00, '2013-09-05 21:06:37'),
(1284, 97, 25, 2, 11, 2009, 28.00, '2013-09-05 21:06:37'),
(1285, 22, 1, 2, 12, 2009, 100.00, '2013-09-05 21:06:38'),
(1286, 109, 2, 2, 12, 2009, 97.00, '2013-09-05 21:06:38'),
(1287, 1, 3, 2, 12, 2009, 94.00, '2013-09-05 21:06:38'),
(1288, 108, 4, 2, 12, 2009, 91.00, '2013-09-05 21:06:38'),
(1289, 83, 5, 2, 12, 2009, 88.00, '2013-09-05 21:06:38'),
(1290, 32, 6, 2, 12, 2009, 85.00, '2013-09-05 21:06:38'),
(1291, 30, 7, 2, 12, 2009, 82.00, '2013-09-05 21:06:38'),
(1292, 87, 8, 2, 12, 2009, 79.00, '2013-09-05 21:06:38'),
(1293, 95, 9, 2, 12, 2009, 76.00, '2013-09-05 21:06:38'),
(1294, 51, 10, 2, 12, 2009, 73.00, '2013-09-05 21:06:38'),
(1295, 92, 11, 2, 12, 2009, 70.00, '2013-09-05 21:06:38'),
(1296, 94, 12, 2, 12, 2009, 67.00, '2013-09-05 21:06:38'),
(1297, 90, 13, 2, 12, 2009, 64.00, '2013-09-05 21:06:38'),
(1298, 41, 14, 2, 12, 2009, 61.00, '2013-09-05 21:06:38'),
(1299, 124, 15, 2, 12, 2009, 58.00, '2013-09-05 21:06:38'),
(1300, 119, 16, 2, 12, 2009, 55.00, '2013-09-05 21:06:38'),
(1301, 14, 17, 2, 12, 2009, 52.00, '2013-09-05 21:06:39'),
(1302, 115, 18, 2, 12, 2009, 49.00, '2013-09-05 21:06:39'),
(1303, 97, 19, 2, 12, 2009, 46.00, '2013-09-05 21:06:39'),
(1304, 16, 20, 2, 12, 2009, 43.00, '2013-09-05 21:06:39'),
(1305, 116, 21, 2, 12, 2009, 40.00, '2013-09-05 21:06:39'),
(1306, 93, 22, 2, 12, 2009, 37.00, '2013-09-05 21:06:39'),
(1307, 104, 23, 2, 12, 2009, 34.00, '2013-09-05 21:06:39'),
(1308, 25, 24, 2, 12, 2009, 31.00, '2013-09-05 21:06:39'),
(1309, 67, 25, 2, 12, 2009, 28.00, '2013-09-05 21:06:39'),
(1310, 22, 1, 2, 13, 2009, 100.00, '2013-09-05 21:06:40'),
(1311, 109, 2, 2, 13, 2009, 97.00, '2013-09-05 21:06:40'),
(1312, 1, 3, 2, 13, 2009, 94.00, '2013-09-05 21:06:40'),
(1313, 108, 4, 2, 13, 2009, 91.00, '2013-09-05 21:06:40'),
(1314, 83, 5, 2, 13, 2009, 88.00, '2013-09-05 21:06:40'),
(1315, 32, 6, 2, 13, 2009, 85.00, '2013-09-05 21:06:40'),
(1316, 30, 7, 2, 13, 2009, 82.00, '2013-09-05 21:06:40'),
(1317, 87, 8, 2, 13, 2009, 79.00, '2013-09-05 21:06:40'),
(1318, 95, 9, 2, 13, 2009, 76.00, '2013-09-05 21:06:40'),
(1319, 92, 10, 2, 13, 2009, 73.00, '2013-09-05 21:06:40'),
(1320, 94, 11, 2, 13, 2009, 70.00, '2013-09-05 21:06:40'),
(1321, 90, 12, 2, 13, 2009, 67.00, '2013-09-05 21:06:40'),
(1322, 41, 13, 2, 13, 2009, 64.00, '2013-09-05 21:06:40'),
(1323, 119, 14, 2, 13, 2009, 61.00, '2013-09-05 21:06:40'),
(1324, 115, 15, 2, 13, 2009, 58.00, '2013-09-05 21:06:40'),
(1325, 51, 16, 2, 13, 2009, 55.00, '2013-09-05 21:06:40'),
(1326, 97, 17, 2, 13, 2009, 52.00, '2013-09-05 21:06:40'),
(1327, 93, 18, 2, 13, 2009, 49.00, '2013-09-05 21:06:40'),
(1328, 116, 19, 2, 13, 2009, 46.00, '2013-09-05 21:06:40'),
(1329, 104, 20, 2, 13, 2009, 43.00, '2013-09-05 21:06:40'),
(1330, 25, 21, 2, 13, 2009, 40.00, '2013-09-05 21:06:41'),
(1331, 16, 22, 2, 13, 2009, 37.00, '2013-09-05 21:06:41'),
(1332, 10, 23, 2, 13, 2009, 34.00, '2013-09-05 21:06:41'),
(1333, 67, 24, 2, 13, 2009, 31.00, '2013-09-05 21:06:41'),
(1334, 64, 25, 2, 13, 2009, 28.00, '2013-09-05 21:06:41'),
(1335, 22, 1, 2, 14, 2009, 100.00, '2013-09-05 21:06:41'),
(1336, 109, 2, 2, 14, 2009, 97.00, '2013-09-05 21:06:42'),
(1337, 1, 3, 2, 14, 2009, 94.00, '2013-09-05 21:06:42'),
(1338, 108, 4, 2, 14, 2009, 91.00, '2013-09-05 21:06:42'),
(1339, 83, 5, 2, 14, 2009, 88.00, '2013-09-05 21:06:42'),
(1340, 32, 6, 2, 14, 2009, 85.00, '2013-09-05 21:06:42'),
(1341, 87, 7, 2, 14, 2009, 82.00, '2013-09-05 21:06:42'),
(1342, 92, 8, 2, 14, 2009, 79.00, '2013-09-05 21:06:42'),
(1343, 94, 9, 2, 14, 2009, 76.00, '2013-09-05 21:06:42'),
(1344, 41, 10, 2, 14, 2009, 73.00, '2013-09-05 21:06:42'),
(1345, 30, 11, 2, 14, 2009, 70.00, '2013-09-05 21:06:42'),
(1346, 119, 12, 2, 14, 2009, 67.00, '2013-09-05 21:06:42'),
(1347, 115, 13, 2, 14, 2009, 64.00, '2013-09-05 21:06:42'),
(1348, 51, 14, 2, 14, 2009, 61.00, '2013-09-05 21:06:42'),
(1349, 95, 15, 2, 14, 2009, 58.00, '2013-09-05 21:06:42'),
(1350, 93, 16, 2, 14, 2009, 55.00, '2013-09-05 21:06:42'),
(1351, 25, 17, 2, 14, 2009, 52.00, '2013-09-05 21:06:42'),
(1352, 104, 18, 2, 14, 2009, 49.00, '2013-09-05 21:06:42'),
(1353, 16, 19, 2, 14, 2009, 46.00, '2013-09-05 21:06:42'),
(1354, 90, 20, 2, 14, 2009, 43.00, '2013-09-05 21:06:42'),
(1355, 10, 21, 2, 14, 2009, 40.00, '2013-09-05 21:06:42'),
(1356, 67, 22, 2, 14, 2009, 37.00, '2013-09-05 21:06:42'),
(1357, 14, 23, 2, 14, 2009, 34.00, '2013-09-05 21:06:43'),
(1358, 116, 24, 2, 14, 2009, 31.00, '2013-09-05 21:06:43'),
(1359, 123, 25, 2, 14, 2009, 28.00, '2013-09-05 21:06:43'),
(1360, 22, 1, 2, 15, 2009, 100.00, '2013-09-05 21:06:43'),
(1361, 109, 2, 2, 15, 2009, 97.00, '2013-09-05 21:06:43'),
(1362, 1, 3, 2, 15, 2009, 94.00, '2013-09-05 21:06:43'),
(1363, 108, 4, 2, 15, 2009, 91.00, '2013-09-05 21:06:43'),
(1364, 83, 5, 2, 15, 2009, 88.00, '2013-09-05 21:06:43'),
(1365, 32, 6, 2, 15, 2009, 85.00, '2013-09-05 21:06:43'),
(1366, 87, 7, 2, 15, 2009, 82.00, '2013-09-05 21:06:43'),
(1367, 92, 8, 2, 15, 2009, 79.00, '2013-09-05 21:06:44'),
(1368, 94, 9, 2, 15, 2009, 76.00, '2013-09-05 21:06:44'),
(1369, 41, 10, 2, 15, 2009, 73.00, '2013-09-05 21:06:44'),
(1370, 30, 11, 2, 15, 2009, 70.00, '2013-09-05 21:06:44'),
(1371, 119, 12, 2, 15, 2009, 67.00, '2013-09-05 21:06:44'),
(1372, 115, 13, 2, 15, 2009, 64.00, '2013-09-05 21:06:44'),
(1373, 51, 14, 2, 15, 2009, 61.00, '2013-09-05 21:06:44'),
(1374, 95, 15, 2, 15, 2009, 58.00, '2013-09-05 21:06:44'),
(1375, 93, 16, 2, 15, 2009, 55.00, '2013-09-05 21:06:44'),
(1376, 25, 17, 2, 15, 2009, 52.00, '2013-09-05 21:06:44'),
(1377, 104, 18, 2, 15, 2009, 49.00, '2013-09-05 21:06:44'),
(1378, 16, 19, 2, 15, 2009, 46.00, '2013-09-05 21:06:44'),
(1379, 90, 20, 2, 15, 2009, 43.00, '2013-09-05 21:06:44'),
(1380, 10, 21, 2, 15, 2009, 40.00, '2013-09-05 21:06:44'),
(1381, 67, 22, 2, 15, 2009, 37.00, '2013-09-05 21:06:44'),
(1382, 14, 23, 2, 15, 2009, 34.00, '2013-09-05 21:06:44'),
(1383, 116, 24, 2, 15, 2009, 31.00, '2013-09-05 21:06:44'),
(1384, 123, 25, 2, 15, 2009, 28.00, '2013-09-05 21:06:44'),
(1385, 22, 1, 2, 0, 2009, 100.00, '2013-09-05 21:06:45'),
(1386, 109, 2, 2, 0, 2009, 97.00, '2013-09-05 21:06:45'),
(1387, 1, 3, 2, 0, 2009, 94.00, '2013-09-05 21:06:45'),
(1388, 108, 4, 2, 0, 2009, 91.00, '2013-09-05 21:06:45'),
(1389, 83, 5, 2, 0, 2009, 88.00, '2013-09-05 21:06:45'),
(1390, 32, 6, 2, 0, 2009, 85.00, '2013-09-05 21:06:45'),
(1391, 87, 7, 2, 0, 2009, 82.00, '2013-09-05 21:06:45'),
(1392, 92, 8, 2, 0, 2009, 79.00, '2013-09-05 21:06:45'),
(1393, 94, 9, 2, 0, 2009, 76.00, '2013-09-05 21:06:45'),
(1394, 41, 10, 2, 0, 2009, 73.00, '2013-09-05 21:06:45'),
(1395, 30, 11, 2, 0, 2009, 70.00, '2013-09-05 21:06:45'),
(1396, 119, 12, 2, 0, 2009, 67.00, '2013-09-05 21:06:45'),
(1397, 115, 13, 2, 0, 2009, 64.00, '2013-09-05 21:06:45'),
(1398, 51, 14, 2, 0, 2009, 61.00, '2013-09-05 21:06:45'),
(1399, 95, 15, 2, 0, 2009, 58.00, '2013-09-05 21:06:46'),
(1400, 93, 16, 2, 0, 2009, 55.00, '2013-09-05 21:06:46'),
(1401, 25, 17, 2, 0, 2009, 52.00, '2013-09-05 21:06:46'),
(1402, 104, 18, 2, 0, 2009, 49.00, '2013-09-05 21:06:46'),
(1403, 16, 19, 2, 0, 2009, 46.00, '2013-09-05 21:06:46'),
(1404, 90, 20, 2, 0, 2009, 43.00, '2013-09-05 21:06:46'),
(1405, 10, 21, 2, 0, 2009, 40.00, '2013-09-05 21:06:46'),
(1406, 67, 22, 2, 0, 2009, 37.00, '2013-09-05 21:06:46'),
(1407, 14, 23, 2, 0, 2009, 34.00, '2013-09-05 21:06:46'),
(1408, 116, 24, 2, 0, 2009, 31.00, '2013-09-05 21:06:46'),
(1409, 123, 25, 2, 0, 2009, 28.00, '2013-09-05 21:06:46'),
(1410, 2, 1, 2, 1, 2010, 100.00, '2013-09-05 21:06:47'),
(1411, 92, 2, 2, 1, 2010, 97.00, '2013-09-05 21:06:47'),
(1412, 108, 3, 2, 1, 2010, 94.00, '2013-09-05 21:06:47'),
(1413, 124, 4, 2, 1, 2010, 91.00, '2013-09-05 21:06:47'),
(1414, 14, 5, 2, 1, 2010, 88.00, '2013-09-05 21:06:47'),
(1415, 87, 6, 2, 1, 2010, 85.00, '2013-09-05 21:06:47'),
(1416, 60, 7, 2, 1, 2010, 82.00, '2013-09-05 21:06:47'),
(1417, 8, 8, 2, 1, 2010, 79.00, '2013-09-05 21:06:47'),
(1418, 89, 9, 2, 1, 2010, 76.00, '2013-09-05 21:06:47'),
(1419, 32, 10, 2, 1, 2010, 73.00, '2013-09-05 21:06:47'),
(1420, 51, 11, 2, 1, 2010, 70.00, '2013-09-05 21:06:47'),
(1421, 119, 12, 2, 1, 2010, 67.00, '2013-09-05 21:06:47'),
(1422, 66, 13, 2, 1, 2010, 64.00, '2013-09-05 21:06:47'),
(1423, 68, 14, 2, 1, 2010, 61.00, '2013-09-05 21:06:47'),
(1424, 90, 15, 2, 1, 2010, 58.00, '2013-09-05 21:06:47'),
(1425, 1, 16, 2, 1, 2010, 55.00, '2013-09-05 21:06:47'),
(1426, 67, 17, 2, 1, 2010, 52.00, '2013-09-05 21:06:47'),
(1427, 110, 18, 2, 1, 2010, 49.00, '2013-09-05 21:06:47'),
(1428, 116, 19, 2, 1, 2010, 46.00, '2013-09-05 21:06:48'),
(1429, 98, 20, 2, 1, 2010, 43.00, '2013-09-05 21:06:48'),
(1430, 123, 21, 2, 1, 2010, 40.00, '2013-09-05 21:06:48'),
(1431, 63, 22, 2, 1, 2010, 37.00, '2013-09-05 21:06:48'),
(1432, 24, 23, 2, 1, 2010, 34.00, '2013-09-05 21:06:48'),
(1433, 31, 24, 2, 1, 2010, 31.00, '2013-09-05 21:06:48'),
(1434, 27, 25, 2, 1, 2010, 28.00, '2013-09-05 21:06:48'),
(1435, 2, 1, 2, 2, 2010, 100.00, '2013-09-05 21:06:48'),
(1436, 92, 2, 2, 2, 2010, 97.00, '2013-09-05 21:06:48'),
(1437, 108, 3, 2, 2, 2010, 94.00, '2013-09-05 21:06:49'),
(1438, 124, 4, 2, 2, 2010, 91.00, '2013-09-05 21:06:49'),
(1439, 14, 5, 2, 2, 2010, 88.00, '2013-09-05 21:06:49'),
(1440, 87, 6, 2, 2, 2010, 85.00, '2013-09-05 21:06:49'),
(1441, 60, 7, 2, 2, 2010, 82.00, '2013-09-05 21:06:49'),
(1442, 8, 8, 2, 2, 2010, 79.00, '2013-09-05 21:06:49'),
(1443, 89, 9, 2, 2, 2010, 76.00, '2013-09-05 21:06:49'),
(1444, 32, 10, 2, 2, 2010, 73.00, '2013-09-05 21:06:49'),
(1445, 51, 11, 2, 2, 2010, 70.00, '2013-09-05 21:06:49'),
(1446, 119, 12, 2, 2, 2010, 67.00, '2013-09-05 21:06:49'),
(1447, 66, 13, 2, 2, 2010, 64.00, '2013-09-05 21:06:49'),
(1448, 68, 14, 2, 2, 2010, 61.00, '2013-09-05 21:06:49'),
(1449, 90, 15, 2, 2, 2010, 58.00, '2013-09-05 21:06:49'),
(1450, 1, 16, 2, 2, 2010, 55.00, '2013-09-05 21:06:49'),
(1451, 67, 17, 2, 2, 2010, 52.00, '2013-09-05 21:06:49'),
(1452, 110, 18, 2, 2, 2010, 49.00, '2013-09-05 21:06:49'),
(1453, 116, 19, 2, 2, 2010, 46.00, '2013-09-05 21:06:49'),
(1454, 98, 20, 2, 2, 2010, 43.00, '2013-09-05 21:06:49'),
(1455, 123, 21, 2, 2, 2010, 40.00, '2013-09-05 21:06:49'),
(1456, 63, 22, 2, 2, 2010, 37.00, '2013-09-05 21:06:49'),
(1457, 24, 23, 2, 2, 2010, 34.00, '2013-09-05 21:06:50'),
(1458, 31, 24, 2, 2, 2010, 31.00, '2013-09-05 21:06:50'),
(1459, 27, 25, 2, 2, 2010, 28.00, '2013-09-05 21:06:50'),
(1460, 2, 1, 2, 3, 2010, 100.00, '2013-09-05 21:06:50'),
(1461, 92, 2, 2, 3, 2010, 97.00, '2013-09-05 21:06:50'),
(1462, 108, 3, 2, 3, 2010, 94.00, '2013-09-05 21:06:50'),
(1463, 124, 4, 2, 3, 2010, 91.00, '2013-09-05 21:06:50'),
(1464, 14, 5, 2, 3, 2010, 88.00, '2013-09-05 21:06:50'),
(1465, 87, 6, 2, 3, 2010, 85.00, '2013-09-05 21:06:50'),
(1466, 60, 7, 2, 3, 2010, 82.00, '2013-09-05 21:06:51'),
(1467, 8, 8, 2, 3, 2010, 79.00, '2013-09-05 21:06:51'),
(1468, 89, 9, 2, 3, 2010, 76.00, '2013-09-05 21:06:51'),
(1469, 32, 10, 2, 3, 2010, 73.00, '2013-09-05 21:06:51'),
(1470, 51, 11, 2, 3, 2010, 70.00, '2013-09-05 21:06:51'),
(1471, 119, 12, 2, 3, 2010, 67.00, '2013-09-05 21:06:51'),
(1472, 66, 13, 2, 3, 2010, 64.00, '2013-09-05 21:06:51'),
(1473, 68, 14, 2, 3, 2010, 61.00, '2013-09-05 21:06:51'),
(1474, 90, 15, 2, 3, 2010, 58.00, '2013-09-05 21:06:51'),
(1475, 1, 16, 2, 3, 2010, 55.00, '2013-09-05 21:06:51'),
(1476, 67, 17, 2, 3, 2010, 52.00, '2013-09-05 21:06:51'),
(1477, 110, 18, 2, 3, 2010, 49.00, '2013-09-05 21:06:51'),
(1478, 116, 19, 2, 3, 2010, 46.00, '2013-09-05 21:06:51'),
(1479, 98, 20, 2, 3, 2010, 43.00, '2013-09-05 21:06:51'),
(1480, 123, 21, 2, 3, 2010, 40.00, '2013-09-05 21:06:51'),
(1481, 63, 22, 2, 3, 2010, 37.00, '2013-09-05 21:06:51'),
(1482, 24, 23, 2, 3, 2010, 34.00, '2013-09-05 21:06:51'),
(1483, 31, 24, 2, 3, 2010, 31.00, '2013-09-05 21:06:51'),
(1484, 27, 25, 2, 3, 2010, 28.00, '2013-09-05 21:06:51'),
(1485, 2, 1, 2, 4, 2010, 100.00, '2013-09-05 21:06:52'),
(1486, 92, 2, 2, 4, 2010, 97.00, '2013-09-05 21:06:52'),
(1487, 108, 3, 2, 4, 2010, 94.00, '2013-09-05 21:06:52'),
(1488, 124, 4, 2, 4, 2010, 91.00, '2013-09-05 21:06:52'),
(1489, 14, 5, 2, 4, 2010, 88.00, '2013-09-05 21:06:52'),
(1490, 87, 6, 2, 4, 2010, 85.00, '2013-09-05 21:06:52'),
(1491, 60, 7, 2, 4, 2010, 82.00, '2013-09-05 21:06:52'),
(1492, 8, 8, 2, 4, 2010, 79.00, '2013-09-05 21:06:52'),
(1493, 89, 9, 2, 4, 2010, 76.00, '2013-09-05 21:06:52'),
(1494, 32, 10, 2, 4, 2010, 73.00, '2013-09-05 21:06:53'),
(1495, 51, 11, 2, 4, 2010, 70.00, '2013-09-05 21:06:53'),
(1496, 119, 12, 2, 4, 2010, 67.00, '2013-09-05 21:06:53'),
(1497, 66, 13, 2, 4, 2010, 64.00, '2013-09-05 21:06:53'),
(1498, 68, 14, 2, 4, 2010, 61.00, '2013-09-05 21:06:53'),
(1499, 90, 15, 2, 4, 2010, 58.00, '2013-09-05 21:06:53'),
(1500, 1, 16, 2, 4, 2010, 55.00, '2013-09-05 21:06:53'),
(1501, 67, 17, 2, 4, 2010, 52.00, '2013-09-05 21:06:53'),
(1502, 110, 18, 2, 4, 2010, 49.00, '2013-09-05 21:06:53'),
(1503, 116, 19, 2, 4, 2010, 46.00, '2013-09-05 21:06:53'),
(1504, 98, 20, 2, 4, 2010, 43.00, '2013-09-05 21:06:53'),
(1505, 123, 21, 2, 4, 2010, 40.00, '2013-09-05 21:06:53'),
(1506, 63, 22, 2, 4, 2010, 37.00, '2013-09-05 21:06:53'),
(1507, 24, 23, 2, 4, 2010, 34.00, '2013-09-05 21:06:53'),
(1508, 31, 24, 2, 4, 2010, 31.00, '2013-09-05 21:06:53'),
(1509, 27, 25, 2, 4, 2010, 28.00, '2013-09-05 21:06:53'),
(1510, 2, 1, 2, 5, 2010, 100.00, '2013-09-05 21:06:54'),
(1511, 92, 2, 2, 5, 2010, 97.00, '2013-09-05 21:06:54'),
(1512, 108, 3, 2, 5, 2010, 94.00, '2013-09-05 21:06:54'),
(1513, 124, 4, 2, 5, 2010, 91.00, '2013-09-05 21:06:54'),
(1514, 14, 5, 2, 5, 2010, 88.00, '2013-09-05 21:06:54'),
(1515, 87, 6, 2, 5, 2010, 85.00, '2013-09-05 21:06:54'),
(1516, 60, 7, 2, 5, 2010, 82.00, '2013-09-05 21:06:54'),
(1517, 8, 8, 2, 5, 2010, 79.00, '2013-09-05 21:06:54'),
(1518, 89, 9, 2, 5, 2010, 76.00, '2013-09-05 21:06:54'),
(1519, 32, 10, 2, 5, 2010, 73.00, '2013-09-05 21:06:54'),
(1520, 51, 11, 2, 5, 2010, 70.00, '2013-09-05 21:06:54'),
(1521, 119, 12, 2, 5, 2010, 67.00, '2013-09-05 21:06:54'),
(1522, 66, 13, 2, 5, 2010, 64.00, '2013-09-05 21:06:54'),
(1523, 68, 14, 2, 5, 2010, 61.00, '2013-09-05 21:06:54'),
(1524, 90, 15, 2, 5, 2010, 58.00, '2013-09-05 21:06:54'),
(1525, 1, 16, 2, 5, 2010, 55.00, '2013-09-05 21:06:55'),
(1526, 67, 17, 2, 5, 2010, 52.00, '2013-09-05 21:06:55'),
(1527, 110, 18, 2, 5, 2010, 49.00, '2013-09-05 21:06:55'),
(1528, 116, 19, 2, 5, 2010, 46.00, '2013-09-05 21:06:55'),
(1529, 98, 20, 2, 5, 2010, 43.00, '2013-09-05 21:06:55'),
(1530, 123, 21, 2, 5, 2010, 40.00, '2013-09-05 21:06:55'),
(1531, 63, 22, 2, 5, 2010, 37.00, '2013-09-05 21:06:55'),
(1532, 24, 23, 2, 5, 2010, 34.00, '2013-09-05 21:06:55'),
(1533, 31, 24, 2, 5, 2010, 31.00, '2013-09-05 21:06:55'),
(1534, 27, 25, 2, 5, 2010, 28.00, '2013-09-05 21:06:55'),
(1535, 2, 1, 2, 6, 2010, 100.00, '2013-09-05 21:06:56'),
(1536, 92, 2, 2, 6, 2010, 97.00, '2013-09-05 21:06:56'),
(1537, 108, 3, 2, 6, 2010, 94.00, '2013-09-05 21:06:56'),
(1538, 124, 4, 2, 6, 2010, 91.00, '2013-09-05 21:06:56'),
(1539, 14, 5, 2, 6, 2010, 88.00, '2013-09-05 21:06:56'),
(1540, 87, 6, 2, 6, 2010, 85.00, '2013-09-05 21:06:56'),
(1541, 60, 7, 2, 6, 2010, 82.00, '2013-09-05 21:06:56'),
(1542, 8, 8, 2, 6, 2010, 79.00, '2013-09-05 21:06:56'),
(1543, 89, 9, 2, 6, 2010, 76.00, '2013-09-05 21:06:56'),
(1544, 32, 10, 2, 6, 2010, 73.00, '2013-09-05 21:06:56'),
(1545, 51, 11, 2, 6, 2010, 70.00, '2013-09-05 21:06:56'),
(1546, 119, 12, 2, 6, 2010, 67.00, '2013-09-05 21:06:56'),
(1547, 66, 13, 2, 6, 2010, 64.00, '2013-09-05 21:06:56'),
(1548, 68, 14, 2, 6, 2010, 61.00, '2013-09-05 21:06:56'),
(1549, 90, 15, 2, 6, 2010, 58.00, '2013-09-05 21:06:56'),
(1550, 1, 16, 2, 6, 2010, 55.00, '2013-09-05 21:06:56'),
(1551, 67, 17, 2, 6, 2010, 52.00, '2013-09-05 21:06:56'),
(1552, 110, 18, 2, 6, 2010, 49.00, '2013-09-05 21:06:56'),
(1553, 116, 19, 2, 6, 2010, 46.00, '2013-09-05 21:06:56'),
(1554, 98, 20, 2, 6, 2010, 43.00, '2013-09-05 21:06:57'),
(1555, 123, 21, 2, 6, 2010, 40.00, '2013-09-05 21:06:57'),
(1556, 63, 22, 2, 6, 2010, 37.00, '2013-09-05 21:06:57'),
(1557, 24, 23, 2, 6, 2010, 34.00, '2013-09-05 21:06:57'),
(1558, 31, 24, 2, 6, 2010, 31.00, '2013-09-05 21:06:57'),
(1559, 27, 25, 2, 6, 2010, 28.00, '2013-09-05 21:06:57'),
(1560, 87, 1, 2, 7, 2010, 100.00, '2013-09-05 21:06:57'),
(1561, 92, 2, 2, 7, 2010, 97.00, '2013-09-05 21:06:58'),
(1562, 32, 3, 2, 7, 2010, 94.00, '2013-09-05 21:06:58'),
(1563, 108, 4, 2, 7, 2010, 91.00, '2013-09-05 21:06:58'),
(1564, 67, 5, 2, 7, 2010, 88.00, '2013-09-05 21:06:58'),
(1565, 89, 6, 2, 7, 2010, 85.00, '2013-09-05 21:06:58'),
(1566, 2, 7, 2, 7, 2010, 82.00, '2013-09-05 21:06:58'),
(1567, 1, 8, 2, 7, 2010, 79.00, '2013-09-05 21:06:58'),
(1568, 51, 9, 2, 7, 2010, 76.00, '2013-09-05 21:06:58'),
(1569, 116, 10, 2, 7, 2010, 73.00, '2013-09-05 21:06:58'),
(1570, 98, 11, 2, 7, 2010, 70.00, '2013-09-05 21:06:58'),
(1571, 60, 12, 2, 7, 2010, 67.00, '2013-09-05 21:06:58'),
(1572, 8, 13, 2, 7, 2010, 64.00, '2013-09-05 21:06:58'),
(1573, 14, 14, 2, 7, 2010, 61.00, '2013-09-05 21:06:58'),
(1574, 41, 15, 2, 7, 2010, 58.00, '2013-09-05 21:06:58'),
(1575, 124, 16, 2, 7, 2010, 55.00, '2013-09-05 21:06:58'),
(1576, 24, 17, 2, 7, 2010, 52.00, '2013-09-05 21:06:58'),
(1577, 90, 18, 2, 7, 2010, 49.00, '2013-09-05 21:06:58'),
(1578, 66, 19, 2, 7, 2010, 46.00, '2013-09-05 21:06:58'),
(1579, 68, 20, 2, 7, 2010, 43.00, '2013-09-05 21:06:58'),
(1580, 6, 21, 2, 7, 2010, 40.00, '2013-09-05 21:06:59'),
(1581, 22, 22, 2, 7, 2010, 37.00, '2013-09-05 21:06:59'),
(1582, 17, 23, 2, 7, 2010, 34.00, '2013-09-05 21:06:59'),
(1583, 59, 24, 2, 7, 2010, 31.00, '2013-09-05 21:06:59'),
(1584, 123, 25, 2, 7, 2010, 28.00, '2013-09-05 21:06:59'),
(1585, 92, 1, 2, 8, 2010, 100.00, '2013-09-05 21:06:59'),
(1586, 32, 2, 2, 8, 2010, 97.00, '2013-09-05 21:06:59'),
(1587, 108, 3, 2, 8, 2010, 94.00, '2013-09-05 21:07:00'),
(1588, 89, 4, 2, 8, 2010, 91.00, '2013-09-05 21:07:00'),
(1589, 2, 5, 2, 8, 2010, 88.00, '2013-09-05 21:07:00'),
(1590, 51, 6, 2, 8, 2010, 85.00, '2013-09-05 21:07:00'),
(1591, 1, 7, 2, 8, 2010, 82.00, '2013-09-05 21:07:00'),
(1592, 60, 8, 2, 8, 2010, 79.00, '2013-09-05 21:07:00'),
(1593, 116, 9, 2, 8, 2010, 76.00, '2013-09-05 21:07:00'),
(1594, 87, 10, 2, 8, 2010, 73.00, '2013-09-05 21:07:00'),
(1595, 124, 11, 2, 8, 2010, 70.00, '2013-09-05 21:07:00'),
(1596, 41, 12, 2, 8, 2010, 67.00, '2013-09-05 21:07:00'),
(1597, 14, 13, 2, 8, 2010, 64.00, '2013-09-05 21:07:00'),
(1598, 67, 14, 2, 8, 2010, 61.00, '2013-09-05 21:07:00'),
(1599, 90, 15, 2, 8, 2010, 58.00, '2013-09-05 21:07:00'),
(1600, 66, 16, 2, 8, 2010, 55.00, '2013-09-05 21:07:00'),
(1601, 24, 17, 2, 8, 2010, 52.00, '2013-09-05 21:07:00'),
(1602, 6, 18, 2, 8, 2010, 49.00, '2013-09-05 21:07:01'),
(1603, 123, 19, 2, 8, 2010, 46.00, '2013-09-05 21:07:01'),
(1604, 8, 20, 2, 8, 2010, 43.00, '2013-09-05 21:07:01'),
(1605, 98, 21, 2, 8, 2010, 40.00, '2013-09-05 21:07:01'),
(1606, 109, 22, 2, 8, 2010, 37.00, '2013-09-05 21:07:01'),
(1607, 119, 23, 2, 8, 2010, 34.00, '2013-09-05 21:07:01'),
(1608, 25, 24, 2, 8, 2010, 31.00, '2013-09-05 21:07:01'),
(1609, 44, 25, 2, 8, 2010, 28.00, '2013-09-05 21:07:01'),
(1610, 68, 25, 2, 8, 2010, 28.00, '2013-09-05 21:07:01'),
(1611, 92, 1, 2, 9, 2010, 100.00, '2013-09-05 21:07:02'),
(1612, 32, 2, 2, 9, 2010, 97.00, '2013-09-05 21:07:02'),
(1613, 2, 3, 2, 9, 2010, 94.00, '2013-09-05 21:07:02'),
(1614, 108, 4, 2, 9, 2010, 91.00, '2013-09-05 21:07:02'),
(1615, 60, 5, 2, 9, 2010, 88.00, '2013-09-05 21:07:02'),
(1616, 1, 6, 2, 9, 2010, 85.00, '2013-09-05 21:07:02'),
(1617, 116, 7, 2, 9, 2010, 82.00, '2013-09-05 21:07:02'),
(1618, 66, 8, 2, 9, 2010, 79.00, '2013-09-05 21:07:02'),
(1619, 124, 9, 2, 9, 2010, 76.00, '2013-09-05 21:07:03'),
(1620, 87, 10, 2, 9, 2010, 73.00, '2013-09-05 21:07:03'),
(1621, 89, 11, 2, 9, 2010, 70.00, '2013-09-05 21:07:03'),
(1622, 51, 12, 2, 9, 2010, 67.00, '2013-09-05 21:07:03'),
(1623, 14, 13, 2, 9, 2010, 64.00, '2013-09-05 21:07:03'),
(1624, 67, 14, 2, 9, 2010, 61.00, '2013-09-05 21:07:03'),
(1625, 6, 15, 2, 9, 2010, 58.00, '2013-09-05 21:07:03'),
(1626, 24, 16, 2, 9, 2010, 55.00, '2013-09-05 21:07:03'),
(1627, 41, 17, 2, 9, 2010, 52.00, '2013-09-05 21:07:03'),
(1628, 8, 18, 2, 9, 2010, 49.00, '2013-09-05 21:07:03'),
(1629, 98, 19, 2, 9, 2010, 46.00, '2013-09-05 21:07:03'),
(1630, 90, 20, 2, 9, 2010, 43.00, '2013-09-05 21:07:03'),
(1631, 119, 21, 2, 9, 2010, 40.00, '2013-09-05 21:07:03'),
(1632, 25, 22, 2, 9, 2010, 37.00, '2013-09-05 21:07:03'),
(1633, 63, 23, 2, 9, 2010, 34.00, '2013-09-05 21:07:03'),
(1634, 68, 24, 2, 9, 2010, 31.00, '2013-09-05 21:07:03'),
(1635, 103, 25, 2, 9, 2010, 28.00, '2013-09-05 21:07:03'),
(1636, 92, 1, 2, 10, 2010, 100.00, '2013-09-05 21:07:04'),
(1637, 2, 2, 2, 10, 2010, 97.00, '2013-09-05 21:07:04'),
(1638, 32, 3, 2, 10, 2010, 94.00, '2013-09-05 21:07:04'),
(1639, 108, 4, 2, 10, 2010, 91.00, '2013-09-05 21:07:04'),
(1640, 1, 5, 2, 10, 2010, 88.00, '2013-09-05 21:07:04'),
(1641, 116, 6, 2, 10, 2010, 85.00, '2013-09-05 21:07:04'),
(1642, 124, 7, 2, 10, 2010, 82.00, '2013-09-05 21:07:04'),
(1643, 87, 8, 2, 10, 2010, 79.00, '2013-09-05 21:07:04'),
(1644, 89, 9, 2, 10, 2010, 76.00, '2013-09-05 21:07:04'),
(1645, 14, 10, 2, 10, 2010, 73.00, '2013-09-05 21:07:05'),
(1646, 67, 11, 2, 10, 2010, 70.00, '2013-09-05 21:07:05'),
(1647, 51, 12, 2, 10, 2010, 67.00, '2013-09-05 21:07:05'),
(1648, 6, 13, 2, 10, 2010, 64.00, '2013-09-05 21:07:05'),
(1649, 41, 14, 2, 10, 2010, 61.00, '2013-09-05 21:07:05'),
(1650, 66, 15, 2, 10, 2010, 58.00, '2013-09-05 21:07:05'),
(1651, 60, 16, 2, 10, 2010, 55.00, '2013-09-05 21:07:05'),
(1652, 8, 17, 2, 10, 2010, 52.00, '2013-09-05 21:07:05'),
(1653, 90, 18, 2, 10, 2010, 49.00, '2013-09-05 21:07:05'),
(1654, 98, 19, 2, 10, 2010, 46.00, '2013-09-05 21:07:05'),
(1655, 119, 20, 2, 10, 2010, 43.00, '2013-09-05 21:07:05'),
(1656, 63, 21, 2, 10, 2010, 40.00, '2013-09-05 21:07:05'),
(1657, 103, 22, 2, 10, 2010, 37.00, '2013-09-05 21:07:05'),
(1658, 68, 23, 2, 10, 2010, 34.00, '2013-09-05 21:07:05'),
(1659, 24, 24, 2, 10, 2010, 31.00, '2013-09-05 21:07:05'),
(1660, 79, 25, 2, 10, 2010, 28.00, '2013-09-05 21:07:05'),
(1661, 92, 1, 2, 11, 2010, 100.00, '2013-09-05 21:07:06'),
(1662, 2, 2, 2, 11, 2010, 97.00, '2013-09-05 21:07:06'),
(1663, 108, 3, 2, 11, 2010, 94.00, '2013-09-05 21:07:06'),
(1664, 32, 4, 2, 11, 2010, 91.00, '2013-09-05 21:07:06'),
(1665, 124, 5, 2, 11, 2010, 88.00, '2013-09-05 21:07:06'),
(1666, 51, 6, 2, 11, 2010, 85.00, '2013-09-05 21:07:06'),
(1667, 87, 7, 2, 11, 2010, 82.00, '2013-09-05 21:07:06'),
(1668, 14, 8, 2, 11, 2010, 79.00, '2013-09-05 21:07:06'),
(1669, 67, 9, 2, 11, 2010, 76.00, '2013-09-05 21:07:06'),
(1670, 60, 10, 2, 11, 2010, 73.00, '2013-09-05 21:07:06'),
(1671, 1, 11, 2, 11, 2010, 70.00, '2013-09-05 21:07:06'),
(1672, 41, 12, 2, 11, 2010, 67.00, '2013-09-05 21:07:06'),
(1673, 90, 13, 2, 11, 2010, 64.00, '2013-09-05 21:07:06'),
(1674, 8, 14, 2, 11, 2010, 61.00, '2013-09-05 21:07:07'),
(1675, 116, 15, 2, 11, 2010, 58.00, '2013-09-05 21:07:07'),
(1676, 89, 16, 2, 11, 2010, 55.00, '2013-09-05 21:07:07'),
(1677, 119, 17, 2, 11, 2010, 52.00, '2013-09-05 21:07:07'),
(1678, 63, 18, 2, 11, 2010, 49.00, '2013-09-05 21:07:07'),
(1679, 6, 19, 2, 11, 2010, 46.00, '2013-09-05 21:07:07'),
(1680, 66, 20, 2, 11, 2010, 43.00, '2013-09-05 21:07:07'),
(1681, 68, 21, 2, 11, 2010, 40.00, '2013-09-05 21:07:07'),
(1682, 98, 22, 2, 11, 2010, 37.00, '2013-09-05 21:07:07'),
(1683, 22, 23, 2, 11, 2010, 34.00, '2013-09-05 21:07:07'),
(1684, 110, 24, 2, 11, 2010, 31.00, '2013-09-05 21:07:07'),
(1685, 27, 25, 2, 11, 2010, 28.00, '2013-09-05 21:07:07'),
(1686, 92, 1, 2, 12, 2010, 100.00, '2013-09-05 21:07:08'),
(1687, 2, 2, 2, 12, 2010, 97.00, '2013-09-05 21:07:08'),
(1688, 32, 3, 2, 12, 2010, 94.00, '2013-09-05 21:07:08'),
(1689, 108, 4, 2, 12, 2010, 91.00, '2013-09-05 21:07:08'),
(1690, 124, 5, 2, 12, 2010, 88.00, '2013-09-05 21:07:08'),
(1691, 51, 6, 2, 12, 2010, 85.00, '2013-09-05 21:07:08'),
(1692, 87, 7, 2, 12, 2010, 82.00, '2013-09-05 21:07:09'),
(1693, 14, 8, 2, 12, 2010, 79.00, '2013-09-05 21:07:09'),
(1694, 67, 9, 2, 12, 2010, 76.00, '2013-09-05 21:07:09'),
(1695, 60, 10, 2, 12, 2010, 73.00, '2013-09-05 21:07:09'),
(1696, 1, 11, 2, 12, 2010, 70.00, '2013-09-05 21:07:09'),
(1697, 90, 12, 2, 12, 2010, 67.00, '2013-09-05 21:07:09'),
(1698, 8, 13, 2, 12, 2010, 64.00, '2013-09-05 21:07:09'),
(1699, 89, 14, 2, 12, 2010, 61.00, '2013-09-05 21:07:09'),
(1700, 119, 15, 2, 12, 2010, 58.00, '2013-09-05 21:07:09'),
(1701, 66, 16, 2, 12, 2010, 55.00, '2013-09-05 21:07:09'),
(1702, 98, 17, 2, 12, 2010, 52.00, '2013-09-05 21:07:09'),
(1703, 68, 18, 2, 12, 2010, 49.00, '2013-09-05 21:07:09'),
(1704, 41, 19, 2, 12, 2010, 46.00, '2013-09-05 21:07:09'),
(1705, 110, 20, 2, 12, 2010, 43.00, '2013-09-05 21:07:09'),
(1706, 116, 21, 2, 12, 2010, 40.00, '2013-09-05 21:07:09'),
(1707, 63, 22, 2, 12, 2010, 37.00, '2013-09-05 21:07:09'),
(1708, 6, 23, 2, 12, 2010, 34.00, '2013-09-05 21:07:09'),
(1709, 25, 24, 2, 12, 2010, 31.00, '2013-09-05 21:07:09'),
(1710, 24, 25, 2, 12, 2010, 28.00, '2013-09-05 21:07:09'),
(1711, 92, 1, 2, 13, 2010, 100.00, '2013-09-05 21:07:10'),
(1712, 2, 2, 2, 13, 2010, 97.00, '2013-09-05 21:07:10'),
(1713, 32, 3, 2, 13, 2010, 94.00, '2013-09-05 21:07:10'),
(1714, 108, 4, 2, 13, 2010, 91.00, '2013-09-05 21:07:10'),
(1715, 124, 5, 2, 13, 2010, 88.00, '2013-09-05 21:07:11'),
(1716, 51, 6, 2, 13, 2010, 85.00, '2013-09-05 21:07:11'),
(1717, 14, 7, 2, 13, 2010, 82.00, '2013-09-05 21:07:11'),
(1718, 87, 8, 2, 13, 2010, 79.00, '2013-09-05 21:07:11'),
(1719, 90, 9, 2, 13, 2010, 76.00, '2013-09-05 21:07:11'),
(1720, 60, 10, 2, 13, 2010, 73.00, '2013-09-05 21:07:11'),
(1721, 1, 11, 2, 13, 2010, 70.00, '2013-09-05 21:07:11'),
(1722, 8, 12, 2, 13, 2010, 67.00, '2013-09-05 21:07:11'),
(1723, 89, 13, 2, 13, 2010, 64.00, '2013-09-05 21:07:11'),
(1724, 119, 14, 2, 13, 2010, 61.00, '2013-09-05 21:07:11'),
(1725, 67, 15, 2, 13, 2010, 58.00, '2013-09-05 21:07:11'),
(1726, 66, 16, 2, 13, 2010, 55.00, '2013-09-05 21:07:11'),
(1727, 98, 17, 2, 13, 2010, 52.00, '2013-09-05 21:07:11'),
(1728, 110, 18, 2, 13, 2010, 49.00, '2013-09-05 21:07:11'),
(1729, 68, 19, 2, 13, 2010, 46.00, '2013-09-05 21:07:11'),
(1730, 116, 20, 2, 13, 2010, 43.00, '2013-09-05 21:07:11'),
(1731, 6, 21, 2, 13, 2010, 40.00, '2013-09-05 21:07:12'),
(1732, 24, 22, 2, 13, 2010, 37.00, '2013-09-05 21:07:12'),
(1733, 79, 23, 2, 13, 2010, 34.00, '2013-09-05 21:07:12'),
(1734, 41, 24, 2, 13, 2010, 31.00, '2013-09-05 21:07:12'),
(1735, 63, 25, 2, 13, 2010, 28.00, '2013-09-05 21:07:12'),
(1736, 92, 1, 2, 14, 2010, 100.00, '2013-09-05 21:07:13'),
(1737, 2, 2, 2, 14, 2010, 97.00, '2013-09-05 21:07:13'),
(1738, 108, 3, 2, 14, 2010, 94.00, '2013-09-05 21:07:13'),
(1739, 124, 4, 2, 14, 2010, 91.00, '2013-09-05 21:07:13'),
(1740, 14, 5, 2, 14, 2010, 88.00, '2013-09-05 21:07:13'),
(1741, 87, 6, 2, 14, 2010, 85.00, '2013-09-05 21:07:13'),
(1742, 60, 7, 2, 14, 2010, 82.00, '2013-09-05 21:07:13'),
(1743, 8, 8, 2, 14, 2010, 79.00, '2013-09-05 21:07:13'),
(1744, 89, 9, 2, 14, 2010, 76.00, '2013-09-05 21:07:13'),
(1745, 32, 10, 2, 14, 2010, 73.00, '2013-09-05 21:07:13'),
(1746, 51, 11, 2, 14, 2010, 70.00, '2013-09-05 21:07:13'),
(1747, 119, 12, 2, 14, 2010, 67.00, '2013-09-05 21:07:13'),
(1748, 67, 13, 2, 14, 2010, 64.00, '2013-09-05 21:07:13'),
(1749, 66, 14, 2, 14, 2010, 61.00, '2013-09-05 21:07:13'),
(1750, 68, 15, 2, 14, 2010, 58.00, '2013-09-05 21:07:13'),
(1751, 90, 16, 2, 14, 2010, 55.00, '2013-09-05 21:07:13'),
(1752, 98, 17, 2, 14, 2010, 52.00, '2013-09-05 21:07:13'),
(1753, 1, 18, 2, 14, 2010, 49.00, '2013-09-05 21:07:14'),
(1754, 110, 19, 2, 14, 2010, 46.00, '2013-09-05 21:07:14'),
(1755, 24, 20, 2, 14, 2010, 43.00, '2013-09-05 21:07:14'),
(1756, 116, 21, 2, 14, 2010, 40.00, '2013-09-05 21:07:14'),
(1757, 63, 22, 2, 14, 2010, 37.00, '2013-09-05 21:07:14'),
(1758, 123, 23, 2, 14, 2010, 34.00, '2013-09-05 21:07:14'),
(1759, 35, 24, 2, 14, 2010, 31.00, '2013-09-05 21:07:14'),
(1760, 6, 25, 2, 14, 2010, 28.00, '2013-09-05 21:07:14'),
(1761, 2, 1, 2, 15, 2010, 100.00, '2013-09-05 21:07:15'),
(1762, 92, 2, 2, 15, 2010, 97.00, '2013-09-05 21:07:15'),
(1763, 108, 3, 2, 15, 2010, 94.00, '2013-09-05 21:07:15'),
(1764, 124, 4, 2, 15, 2010, 91.00, '2013-09-05 21:07:15'),
(1765, 14, 5, 2, 15, 2010, 88.00, '2013-09-05 21:07:15'),
(1766, 87, 6, 2, 15, 2010, 85.00, '2013-09-05 21:07:15'),
(1767, 60, 7, 2, 15, 2010, 82.00, '2013-09-05 21:07:15'),
(1768, 8, 8, 2, 15, 2010, 79.00, '2013-09-05 21:07:15'),
(1769, 89, 9, 2, 15, 2010, 76.00, '2013-09-05 21:07:15'),
(1770, 32, 10, 2, 15, 2010, 73.00, '2013-09-05 21:07:15'),
(1771, 51, 11, 2, 15, 2010, 70.00, '2013-09-05 21:07:15'),
(1772, 119, 12, 2, 15, 2010, 67.00, '2013-09-05 21:07:15'),
(1773, 66, 13, 2, 15, 2010, 64.00, '2013-09-05 21:07:15'),
(1774, 68, 14, 2, 15, 2010, 61.00, '2013-09-05 21:07:15'),
(1775, 90, 15, 2, 15, 2010, 58.00, '2013-09-05 21:07:15'),
(1776, 1, 16, 2, 15, 2010, 55.00, '2013-09-05 21:07:15'),
(1777, 67, 17, 2, 15, 2010, 52.00, '2013-09-05 21:07:15'),
(1778, 110, 18, 2, 15, 2010, 49.00, '2013-09-05 21:07:15'),
(1779, 116, 19, 2, 15, 2010, 46.00, '2013-09-05 21:07:15'),
(1780, 98, 20, 2, 15, 2010, 43.00, '2013-09-05 21:07:15'),
(1781, 123, 21, 2, 15, 2010, 40.00, '2013-09-05 21:07:16'),
(1782, 63, 22, 2, 15, 2010, 37.00, '2013-09-05 21:07:16'),
(1783, 24, 23, 2, 15, 2010, 34.00, '2013-09-05 21:07:16'),
(1784, 31, 24, 2, 15, 2010, 31.00, '2013-09-05 21:07:16'),
(1785, 27, 25, 2, 15, 2010, 28.00, '2013-09-05 21:07:16'),
(1786, 2, 1, 2, 0, 2010, 100.00, '2013-09-05 21:07:16'),
(1787, 92, 2, 2, 0, 2010, 97.00, '2013-09-05 21:07:16'),
(1788, 108, 3, 2, 0, 2010, 94.00, '2013-09-05 21:07:17'),
(1789, 124, 4, 2, 0, 2010, 91.00, '2013-09-05 21:07:17'),
(1790, 14, 5, 2, 0, 2010, 88.00, '2013-09-05 21:07:17'),
(1791, 87, 6, 2, 0, 2010, 85.00, '2013-09-05 21:07:17');
INSERT INTO `ranks` (`id`, `team`, `rank`, `poll`, `week`, `year`, `price`, `timestamp`) VALUES
(1792, 60, 7, 2, 0, 2010, 82.00, '2013-09-05 21:07:17'),
(1793, 8, 8, 2, 0, 2010, 79.00, '2013-09-05 21:07:17'),
(1794, 89, 9, 2, 0, 2010, 76.00, '2013-09-05 21:07:17'),
(1795, 32, 10, 2, 0, 2010, 73.00, '2013-09-05 21:07:17'),
(1796, 51, 11, 2, 0, 2010, 70.00, '2013-09-05 21:07:18'),
(1797, 119, 12, 2, 0, 2010, 67.00, '2013-09-05 21:07:18'),
(1798, 66, 13, 2, 0, 2010, 64.00, '2013-09-05 21:07:18'),
(1799, 68, 14, 2, 0, 2010, 61.00, '2013-09-05 21:07:18'),
(1800, 90, 15, 2, 0, 2010, 58.00, '2013-09-05 21:07:18'),
(1801, 1, 16, 2, 0, 2010, 55.00, '2013-09-05 21:07:18'),
(1802, 67, 17, 2, 0, 2010, 52.00, '2013-09-05 21:07:18'),
(1803, 110, 18, 2, 0, 2010, 49.00, '2013-09-05 21:07:18'),
(1804, 116, 19, 2, 0, 2010, 46.00, '2013-09-05 21:07:18'),
(1805, 98, 20, 2, 0, 2010, 43.00, '2013-09-05 21:07:18'),
(1806, 123, 21, 2, 0, 2010, 40.00, '2013-09-05 21:07:18'),
(1807, 63, 22, 2, 0, 2010, 37.00, '2013-09-05 21:07:18'),
(1808, 24, 23, 2, 0, 2010, 34.00, '2013-09-05 21:07:18'),
(1809, 31, 24, 2, 0, 2010, 31.00, '2013-09-05 21:07:18'),
(1810, 27, 25, 2, 0, 2010, 28.00, '2013-09-05 21:07:18'),
(1811, 51, 1, 2, 1, 2011, 100.00, '2013-09-05 21:07:19'),
(1812, 1, 2, 2, 1, 2011, 97.00, '2013-09-05 21:07:19'),
(1813, 90, 3, 2, 1, 2011, 94.00, '2013-09-05 21:07:19'),
(1814, 14, 4, 2, 1, 2011, 91.00, '2013-09-05 21:07:19'),
(1815, 92, 5, 2, 1, 2011, 88.00, '2013-09-05 21:07:19'),
(1816, 32, 6, 2, 1, 2011, 85.00, '2013-09-05 21:07:19'),
(1817, 8, 7, 2, 1, 2011, 82.00, '2013-09-05 21:07:19'),
(1818, 124, 8, 2, 1, 2011, 79.00, '2013-09-05 21:07:20'),
(1819, 98, 9, 2, 1, 2011, 76.00, '2013-09-05 21:07:20'),
(1820, 44, 10, 2, 1, 2011, 73.00, '2013-09-05 21:07:20'),
(1821, 119, 11, 2, 1, 2011, 70.00, '2013-09-05 21:07:20'),
(1822, 59, 12, 2, 1, 2011, 67.00, '2013-09-05 21:07:20'),
(1823, 60, 13, 2, 1, 2011, 64.00, '2013-09-05 21:07:20'),
(1824, 97, 14, 2, 1, 2011, 61.00, '2013-09-05 21:07:20'),
(1825, 108, 15, 2, 1, 2011, 58.00, '2013-09-05 21:07:20'),
(1826, 103, 16, 2, 1, 2011, 55.00, '2013-09-05 21:07:20'),
(1827, 104, 17, 2, 1, 2011, 52.00, '2013-09-05 21:07:20'),
(1828, 28, 18, 2, 1, 2011, 49.00, '2013-09-05 21:07:20'),
(1829, 89, 19, 2, 1, 2011, 46.00, '2013-09-05 21:07:20'),
(1830, 67, 20, 2, 1, 2011, 43.00, '2013-09-05 21:07:20'),
(1831, 65, 21, 2, 1, 2011, 40.00, '2013-09-05 21:07:20'),
(1832, 123, 22, 2, 1, 2011, 37.00, '2013-09-05 21:07:20'),
(1833, 94, 23, 2, 1, 2011, 34.00, '2013-09-05 21:07:20'),
(1834, 83, 24, 2, 1, 2011, 31.00, '2013-09-05 21:07:20'),
(1835, 24, 25, 2, 1, 2011, 28.00, '2013-09-05 21:07:20'),
(1836, 51, 1, 2, 2, 2011, 100.00, '2013-09-05 21:07:21'),
(1837, 1, 2, 2, 2, 2011, 97.00, '2013-09-05 21:07:21'),
(1838, 90, 3, 2, 2, 2011, 94.00, '2013-09-05 21:07:21'),
(1839, 14, 4, 2, 2, 2011, 91.00, '2013-09-05 21:07:21'),
(1840, 92, 5, 2, 2, 2011, 88.00, '2013-09-05 21:07:22'),
(1841, 32, 6, 2, 2, 2011, 85.00, '2013-09-05 21:07:22'),
(1842, 8, 7, 2, 2, 2011, 82.00, '2013-09-05 21:07:22'),
(1843, 124, 8, 2, 2, 2011, 79.00, '2013-09-05 21:07:22'),
(1844, 98, 9, 2, 2, 2011, 76.00, '2013-09-05 21:07:22'),
(1845, 44, 10, 2, 2, 2011, 73.00, '2013-09-05 21:07:22'),
(1846, 119, 11, 2, 2, 2011, 70.00, '2013-09-05 21:07:22'),
(1847, 59, 12, 2, 2, 2011, 67.00, '2013-09-05 21:07:22'),
(1848, 60, 13, 2, 2, 2011, 64.00, '2013-09-05 21:07:22'),
(1849, 97, 14, 2, 2, 2011, 61.00, '2013-09-05 21:07:22'),
(1850, 108, 15, 2, 2, 2011, 58.00, '2013-09-05 21:07:22'),
(1851, 103, 16, 2, 2, 2011, 55.00, '2013-09-05 21:07:22'),
(1852, 104, 17, 2, 2, 2011, 52.00, '2013-09-05 21:07:23'),
(1853, 28, 18, 2, 2, 2011, 49.00, '2013-09-05 21:07:23'),
(1854, 89, 19, 2, 2, 2011, 46.00, '2013-09-05 21:07:23'),
(1855, 67, 20, 2, 2, 2011, 43.00, '2013-09-05 21:07:23'),
(1856, 65, 21, 2, 2, 2011, 40.00, '2013-09-05 21:07:23'),
(1857, 123, 22, 2, 2, 2011, 37.00, '2013-09-05 21:07:23'),
(1858, 94, 23, 2, 2, 2011, 34.00, '2013-09-05 21:07:23'),
(1859, 83, 24, 2, 2, 2011, 31.00, '2013-09-05 21:07:23'),
(1860, 24, 25, 2, 2, 2011, 28.00, '2013-09-05 21:07:23'),
(1861, 51, 1, 2, 3, 2011, 100.00, '2013-09-05 21:07:24'),
(1862, 1, 2, 2, 3, 2011, 97.00, '2013-09-05 21:07:24'),
(1863, 90, 3, 2, 3, 2011, 94.00, '2013-09-05 21:07:24'),
(1864, 14, 4, 2, 3, 2011, 91.00, '2013-09-05 21:07:24'),
(1865, 92, 5, 2, 3, 2011, 88.00, '2013-09-05 21:07:24'),
(1866, 32, 6, 2, 3, 2011, 85.00, '2013-09-05 21:07:24'),
(1867, 8, 7, 2, 3, 2011, 82.00, '2013-09-05 21:07:24'),
(1868, 124, 8, 2, 3, 2011, 79.00, '2013-09-05 21:07:24'),
(1869, 98, 9, 2, 3, 2011, 76.00, '2013-09-05 21:07:24'),
(1870, 44, 10, 2, 3, 2011, 73.00, '2013-09-05 21:07:24'),
(1871, 119, 11, 2, 3, 2011, 70.00, '2013-09-05 21:07:24'),
(1872, 59, 12, 2, 3, 2011, 67.00, '2013-09-05 21:07:24'),
(1873, 60, 13, 2, 3, 2011, 64.00, '2013-09-05 21:07:24'),
(1874, 97, 14, 2, 3, 2011, 61.00, '2013-09-05 21:07:24'),
(1875, 108, 15, 2, 3, 2011, 58.00, '2013-09-05 21:07:24'),
(1876, 103, 16, 2, 3, 2011, 55.00, '2013-09-05 21:07:25'),
(1877, 104, 17, 2, 3, 2011, 52.00, '2013-09-05 21:07:25'),
(1878, 28, 18, 2, 3, 2011, 49.00, '2013-09-05 21:07:25'),
(1879, 89, 19, 2, 3, 2011, 46.00, '2013-09-05 21:07:25'),
(1880, 67, 20, 2, 3, 2011, 43.00, '2013-09-05 21:07:25'),
(1881, 65, 21, 2, 3, 2011, 40.00, '2013-09-05 21:07:25'),
(1882, 123, 22, 2, 3, 2011, 37.00, '2013-09-05 21:07:25'),
(1883, 94, 23, 2, 3, 2011, 34.00, '2013-09-05 21:07:25'),
(1884, 83, 24, 2, 3, 2011, 31.00, '2013-09-05 21:07:25'),
(1885, 24, 25, 2, 3, 2011, 28.00, '2013-09-05 21:07:25'),
(1886, 51, 1, 2, 4, 2011, 100.00, '2013-09-05 21:07:26'),
(1887, 1, 2, 2, 4, 2011, 97.00, '2013-09-05 21:07:26'),
(1888, 90, 3, 2, 4, 2011, 94.00, '2013-09-05 21:07:26'),
(1889, 14, 4, 2, 4, 2011, 91.00, '2013-09-05 21:07:26'),
(1890, 92, 5, 2, 4, 2011, 88.00, '2013-09-05 21:07:26'),
(1891, 32, 6, 2, 4, 2011, 85.00, '2013-09-05 21:07:26'),
(1892, 8, 7, 2, 4, 2011, 82.00, '2013-09-05 21:07:26'),
(1893, 124, 8, 2, 4, 2011, 79.00, '2013-09-05 21:07:26'),
(1894, 98, 9, 2, 4, 2011, 76.00, '2013-09-05 21:07:26'),
(1895, 44, 10, 2, 4, 2011, 73.00, '2013-09-05 21:07:26'),
(1896, 119, 11, 2, 4, 2011, 70.00, '2013-09-05 21:07:26'),
(1897, 59, 12, 2, 4, 2011, 67.00, '2013-09-05 21:07:26'),
(1898, 60, 13, 2, 4, 2011, 64.00, '2013-09-05 21:07:26'),
(1899, 97, 14, 2, 4, 2011, 61.00, '2013-09-05 21:07:26'),
(1900, 108, 15, 2, 4, 2011, 58.00, '2013-09-05 21:07:27'),
(1901, 103, 16, 2, 4, 2011, 55.00, '2013-09-05 21:07:27'),
(1902, 104, 17, 2, 4, 2011, 52.00, '2013-09-05 21:07:27'),
(1903, 28, 18, 2, 4, 2011, 49.00, '2013-09-05 21:07:27'),
(1904, 89, 19, 2, 4, 2011, 46.00, '2013-09-05 21:07:27'),
(1905, 67, 20, 2, 4, 2011, 43.00, '2013-09-05 21:07:27'),
(1906, 65, 21, 2, 4, 2011, 40.00, '2013-09-05 21:07:27'),
(1907, 123, 22, 2, 4, 2011, 37.00, '2013-09-05 21:07:27'),
(1908, 94, 23, 2, 4, 2011, 34.00, '2013-09-05 21:07:27'),
(1909, 83, 24, 2, 4, 2011, 31.00, '2013-09-05 21:07:27'),
(1910, 24, 25, 2, 4, 2011, 28.00, '2013-09-05 21:07:27'),
(1911, 51, 1, 2, 5, 2011, 100.00, '2013-09-05 21:07:28'),
(1912, 1, 2, 2, 5, 2011, 97.00, '2013-09-05 21:07:28'),
(1913, 90, 3, 2, 5, 2011, 94.00, '2013-09-05 21:07:28'),
(1914, 14, 4, 2, 5, 2011, 91.00, '2013-09-05 21:07:28'),
(1915, 92, 5, 2, 5, 2011, 88.00, '2013-09-05 21:07:28'),
(1916, 32, 6, 2, 5, 2011, 85.00, '2013-09-05 21:07:28'),
(1917, 8, 7, 2, 5, 2011, 82.00, '2013-09-05 21:07:28'),
(1918, 124, 8, 2, 5, 2011, 79.00, '2013-09-05 21:07:28'),
(1919, 98, 9, 2, 5, 2011, 76.00, '2013-09-05 21:07:28'),
(1920, 44, 10, 2, 5, 2011, 73.00, '2013-09-05 21:07:28'),
(1921, 119, 11, 2, 5, 2011, 70.00, '2013-09-05 21:07:28'),
(1922, 59, 12, 2, 5, 2011, 67.00, '2013-09-05 21:07:28'),
(1923, 60, 13, 2, 5, 2011, 64.00, '2013-09-05 21:07:28'),
(1924, 97, 14, 2, 5, 2011, 61.00, '2013-09-05 21:07:28'),
(1925, 108, 15, 2, 5, 2011, 58.00, '2013-09-05 21:07:28'),
(1926, 103, 16, 2, 5, 2011, 55.00, '2013-09-05 21:07:28'),
(1927, 104, 17, 2, 5, 2011, 52.00, '2013-09-05 21:07:28'),
(1928, 28, 18, 2, 5, 2011, 49.00, '2013-09-05 21:07:28'),
(1929, 89, 19, 2, 5, 2011, 46.00, '2013-09-05 21:07:28'),
(1930, 67, 20, 2, 5, 2011, 43.00, '2013-09-05 21:07:28'),
(1931, 65, 21, 2, 5, 2011, 40.00, '2013-09-05 21:07:29'),
(1932, 123, 22, 2, 5, 2011, 37.00, '2013-09-05 21:07:29'),
(1933, 94, 23, 2, 5, 2011, 34.00, '2013-09-05 21:07:29'),
(1934, 83, 24, 2, 5, 2011, 31.00, '2013-09-05 21:07:29'),
(1935, 24, 25, 2, 5, 2011, 28.00, '2013-09-05 21:07:29'),
(1936, 51, 1, 2, 6, 2011, 100.00, '2013-09-05 21:07:30'),
(1937, 1, 2, 2, 6, 2011, 97.00, '2013-09-05 21:07:30'),
(1938, 90, 3, 2, 6, 2011, 94.00, '2013-09-05 21:07:30'),
(1939, 14, 4, 2, 6, 2011, 91.00, '2013-09-05 21:07:30'),
(1940, 92, 5, 2, 6, 2011, 88.00, '2013-09-05 21:07:30'),
(1941, 32, 6, 2, 6, 2011, 85.00, '2013-09-05 21:07:30'),
(1942, 8, 7, 2, 6, 2011, 82.00, '2013-09-05 21:07:30'),
(1943, 124, 8, 2, 6, 2011, 79.00, '2013-09-05 21:07:30'),
(1944, 98, 9, 2, 6, 2011, 76.00, '2013-09-05 21:07:30'),
(1945, 44, 10, 2, 6, 2011, 73.00, '2013-09-05 21:07:30'),
(1946, 119, 11, 2, 6, 2011, 70.00, '2013-09-05 21:07:30'),
(1947, 59, 12, 2, 6, 2011, 67.00, '2013-09-05 21:07:30'),
(1948, 60, 13, 2, 6, 2011, 64.00, '2013-09-05 21:07:30'),
(1949, 97, 14, 2, 6, 2011, 61.00, '2013-09-05 21:07:30'),
(1950, 108, 15, 2, 6, 2011, 58.00, '2013-09-05 21:07:30'),
(1951, 103, 16, 2, 6, 2011, 55.00, '2013-09-05 21:07:30'),
(1952, 104, 17, 2, 6, 2011, 52.00, '2013-09-05 21:07:30'),
(1953, 28, 18, 2, 6, 2011, 49.00, '2013-09-05 21:07:31'),
(1954, 89, 19, 2, 6, 2011, 46.00, '2013-09-05 21:07:31'),
(1955, 67, 20, 2, 6, 2011, 43.00, '2013-09-05 21:07:31'),
(1956, 65, 21, 2, 6, 2011, 40.00, '2013-09-05 21:07:31'),
(1957, 123, 22, 2, 6, 2011, 37.00, '2013-09-05 21:07:31'),
(1958, 94, 23, 2, 6, 2011, 34.00, '2013-09-05 21:07:31'),
(1959, 83, 24, 2, 6, 2011, 31.00, '2013-09-05 21:07:31'),
(1960, 24, 25, 2, 6, 2011, 28.00, '2013-09-05 21:07:31'),
(1961, 51, 1, 2, 7, 2011, 100.00, '2013-09-05 21:07:32'),
(1962, 1, 2, 2, 7, 2011, 97.00, '2013-09-05 21:07:32'),
(1963, 89, 3, 2, 7, 2011, 94.00, '2013-09-05 21:07:32'),
(1964, 124, 4, 2, 7, 2011, 91.00, '2013-09-05 21:07:32'),
(1965, 32, 5, 2, 7, 2011, 88.00, '2013-09-05 21:07:32'),
(1966, 90, 6, 2, 7, 2011, 85.00, '2013-09-05 21:07:32'),
(1967, 14, 7, 2, 7, 2011, 82.00, '2013-09-05 21:07:32'),
(1968, 97, 8, 2, 7, 2011, 79.00, '2013-09-05 21:07:32'),
(1969, 92, 9, 2, 7, 2011, 76.00, '2013-09-05 21:07:32'),
(1970, 59, 10, 2, 7, 2011, 73.00, '2013-09-05 21:07:32'),
(1971, 8, 11, 2, 7, 2011, 70.00, '2013-09-05 21:07:32'),
(1972, 30, 12, 2, 7, 2011, 67.00, '2013-09-05 21:07:32'),
(1973, 67, 13, 2, 7, 2011, 64.00, '2013-09-05 21:07:32'),
(1974, 34, 14, 2, 7, 2011, 61.00, '2013-09-05 21:07:32'),
(1975, 98, 15, 2, 7, 2011, 58.00, '2013-09-05 21:07:32'),
(1976, 123, 16, 2, 7, 2011, 55.00, '2013-09-05 21:07:32'),
(1977, 44, 17, 2, 7, 2011, 52.00, '2013-09-05 21:07:32'),
(1978, 119, 18, 2, 7, 2011, 49.00, '2013-09-05 21:07:32'),
(1979, 7, 19, 2, 7, 2011, 46.00, '2013-09-05 21:07:32'),
(1980, 109, 20, 2, 7, 2011, 43.00, '2013-09-05 21:07:32'),
(1981, 103, 21, 2, 7, 2011, 40.00, '2013-09-05 21:07:32'),
(1982, 60, 22, 2, 7, 2011, 37.00, '2013-09-05 21:07:32'),
(1983, 110, 23, 2, 7, 2011, 34.00, '2013-09-05 21:07:32'),
(1984, 104, 24, 2, 7, 2011, 31.00, '2013-09-05 21:07:33'),
(1985, 22, 25, 2, 7, 2011, 28.00, '2013-09-05 21:07:33'),
(1986, 51, 1, 2, 8, 2011, 100.00, '2013-09-05 21:07:33'),
(1987, 1, 2, 2, 8, 2011, 97.00, '2013-09-05 21:07:33'),
(1988, 89, 3, 2, 8, 2011, 94.00, '2013-09-05 21:07:33'),
(1989, 124, 4, 2, 8, 2011, 91.00, '2013-09-05 21:07:34'),
(1990, 32, 5, 2, 8, 2011, 88.00, '2013-09-05 21:07:34'),
(1991, 90, 6, 2, 8, 2011, 85.00, '2013-09-05 21:07:34'),
(1992, 14, 7, 2, 8, 2011, 82.00, '2013-09-05 21:07:34'),
(1993, 97, 8, 2, 8, 2011, 79.00, '2013-09-05 21:07:34'),
(1994, 92, 9, 2, 8, 2011, 76.00, '2013-09-05 21:07:34'),
(1995, 8, 10, 2, 8, 2011, 73.00, '2013-09-05 21:07:34'),
(1996, 67, 11, 2, 8, 2011, 70.00, '2013-09-05 21:07:34'),
(1997, 44, 12, 2, 8, 2011, 67.00, '2013-09-05 21:07:34'),
(1998, 98, 13, 2, 8, 2011, 64.00, '2013-09-05 21:07:34'),
(1999, 123, 14, 2, 8, 2011, 61.00, '2013-09-05 21:07:34'),
(2000, 60, 15, 2, 8, 2011, 58.00, '2013-09-05 21:07:34'),
(2001, 119, 16, 2, 8, 2011, 55.00, '2013-09-05 21:07:34'),
(2002, 59, 17, 2, 8, 2011, 52.00, '2013-09-05 21:07:34'),
(2003, 30, 18, 2, 8, 2011, 49.00, '2013-09-05 21:07:34'),
(2004, 110, 19, 2, 8, 2011, 46.00, '2013-09-05 21:07:34'),
(2005, 34, 20, 2, 8, 2011, 43.00, '2013-09-05 21:07:34'),
(2006, 2, 21, 2, 8, 2011, 40.00, '2013-09-05 21:07:34'),
(2007, 104, 22, 2, 8, 2011, 37.00, '2013-09-05 21:07:34'),
(2008, 7, 23, 2, 8, 2011, 34.00, '2013-09-05 21:07:34'),
(2009, 94, 24, 2, 8, 2011, 31.00, '2013-09-05 21:07:35'),
(2010, 120, 25, 2, 8, 2011, 28.00, '2013-09-05 21:07:35'),
(2011, 51, 1, 2, 9, 2011, 100.00, '2013-09-05 21:07:35'),
(2012, 1, 2, 2, 9, 2011, 97.00, '2013-09-05 21:07:35'),
(2013, 90, 3, 2, 9, 2011, 94.00, '2013-09-05 21:07:35'),
(2014, 14, 4, 2, 9, 2011, 91.00, '2013-09-05 21:07:35'),
(2015, 32, 5, 2, 9, 2011, 88.00, '2013-09-05 21:07:36'),
(2016, 97, 6, 2, 9, 2011, 85.00, '2013-09-05 21:07:36'),
(2017, 92, 7, 2, 9, 2011, 82.00, '2013-09-05 21:07:36'),
(2018, 89, 8, 2, 9, 2011, 79.00, '2013-09-05 21:07:36'),
(2019, 8, 9, 2, 9, 2011, 76.00, '2013-09-05 21:07:36'),
(2020, 44, 10, 2, 9, 2011, 73.00, '2013-09-05 21:07:36'),
(2021, 60, 11, 2, 9, 2011, 70.00, '2013-09-05 21:07:36'),
(2022, 124, 12, 2, 9, 2011, 67.00, '2013-09-05 21:07:36'),
(2023, 67, 13, 2, 9, 2011, 64.00, '2013-09-05 21:07:36'),
(2024, 98, 14, 2, 9, 2011, 61.00, '2013-09-05 21:07:36'),
(2025, 119, 15, 2, 9, 2011, 58.00, '2013-09-05 21:07:36'),
(2026, 59, 16, 2, 9, 2011, 55.00, '2013-09-05 21:07:36'),
(2027, 110, 17, 2, 9, 2011, 52.00, '2013-09-05 21:07:36'),
(2028, 104, 18, 2, 9, 2011, 49.00, '2013-09-05 21:07:36'),
(2029, 94, 19, 2, 9, 2011, 46.00, '2013-09-05 21:07:36'),
(2030, 7, 20, 2, 9, 2011, 43.00, '2013-09-05 21:07:36'),
(2031, 112, 21, 2, 9, 2011, 40.00, '2013-09-05 21:07:36'),
(2032, 28, 22, 2, 9, 2011, 37.00, '2013-09-05 21:07:36'),
(2033, 123, 23, 2, 9, 2011, 34.00, '2013-09-05 21:07:36'),
(2034, 83, 24, 2, 9, 2011, 31.00, '2013-09-05 21:07:37'),
(2035, 109, 25, 2, 9, 2011, 28.00, '2013-09-05 21:07:37'),
(2036, 51, 1, 2, 10, 2011, 100.00, '2013-09-05 21:07:37'),
(2037, 1, 2, 2, 10, 2011, 97.00, '2013-09-05 21:07:37'),
(2038, 90, 3, 2, 10, 2011, 94.00, '2013-09-05 21:07:37'),
(2039, 14, 4, 2, 10, 2011, 91.00, '2013-09-05 21:07:37'),
(2040, 32, 5, 2, 10, 2011, 88.00, '2013-09-05 21:07:37'),
(2041, 92, 6, 2, 10, 2011, 85.00, '2013-09-05 21:07:38'),
(2042, 89, 7, 2, 10, 2011, 82.00, '2013-09-05 21:07:38'),
(2043, 8, 8, 2, 10, 2011, 79.00, '2013-09-05 21:07:38'),
(2044, 67, 9, 2, 10, 2011, 76.00, '2013-09-05 21:07:38'),
(2045, 97, 10, 2, 10, 2011, 73.00, '2013-09-05 21:07:38'),
(2046, 98, 11, 2, 10, 2011, 70.00, '2013-09-05 21:07:38'),
(2047, 119, 12, 2, 10, 2011, 67.00, '2013-09-05 21:07:38'),
(2048, 59, 13, 2, 10, 2011, 64.00, '2013-09-05 21:07:38'),
(2049, 104, 14, 2, 10, 2011, 61.00, '2013-09-05 21:07:38'),
(2050, 44, 15, 2, 10, 2011, 58.00, '2013-09-05 21:07:38'),
(2051, 94, 16, 2, 10, 2011, 55.00, '2013-09-05 21:07:38'),
(2052, 60, 17, 2, 10, 2011, 52.00, '2013-09-05 21:07:38'),
(2053, 124, 18, 2, 10, 2011, 49.00, '2013-09-05 21:07:38'),
(2054, 7, 19, 2, 10, 2011, 46.00, '2013-09-05 21:07:38'),
(2055, 28, 20, 2, 10, 2011, 43.00, '2013-09-05 21:07:38'),
(2056, 30, 21, 2, 10, 2011, 40.00, '2013-09-05 21:07:38'),
(2057, 123, 22, 2, 10, 2011, 37.00, '2013-09-05 21:07:38'),
(2058, 83, 23, 2, 10, 2011, 34.00, '2013-09-05 21:07:38'),
(2059, 109, 24, 2, 10, 2011, 31.00, '2013-09-05 21:07:38'),
(2060, 2, 25, 2, 10, 2011, 28.00, '2013-09-05 21:07:38'),
(2061, 51, 1, 2, 11, 2011, 100.00, '2013-09-05 21:07:39'),
(2062, 90, 2, 2, 11, 2011, 97.00, '2013-09-05 21:07:39'),
(2063, 14, 3, 2, 11, 2011, 94.00, '2013-09-05 21:07:39'),
(2064, 1, 4, 2, 11, 2011, 91.00, '2013-09-05 21:07:39'),
(2065, 32, 5, 2, 11, 2011, 88.00, '2013-09-05 21:07:39'),
(2066, 92, 6, 2, 11, 2011, 85.00, '2013-09-05 21:07:39'),
(2067, 89, 7, 2, 11, 2011, 82.00, '2013-09-05 21:07:39'),
(2068, 8, 8, 2, 11, 2011, 79.00, '2013-09-05 21:07:39'),
(2069, 97, 9, 2, 11, 2011, 76.00, '2013-09-05 21:07:39'),
(2070, 119, 10, 2, 11, 2011, 73.00, '2013-09-05 21:07:39'),
(2071, 104, 11, 2, 11, 2011, 70.00, '2013-09-05 21:07:39'),
(2072, 94, 12, 2, 11, 2011, 67.00, '2013-09-05 21:07:40'),
(2073, 60, 13, 2, 11, 2011, 64.00, '2013-09-05 21:07:40'),
(2074, 124, 14, 2, 11, 2011, 61.00, '2013-09-05 21:07:40'),
(2075, 28, 15, 2, 11, 2011, 58.00, '2013-09-05 21:07:40'),
(2076, 98, 16, 2, 11, 2011, 55.00, '2013-09-05 21:07:40'),
(2077, 67, 17, 2, 11, 2011, 52.00, '2013-09-05 21:07:40'),
(2078, 44, 18, 2, 11, 2011, 49.00, '2013-09-05 21:07:40'),
(2079, 30, 19, 2, 11, 2011, 46.00, '2013-09-05 21:07:40'),
(2080, 109, 20, 2, 11, 2011, 43.00, '2013-09-05 21:07:40'),
(2081, 59, 21, 2, 11, 2011, 40.00, '2013-09-05 21:07:40'),
(2082, 83, 22, 2, 11, 2011, 37.00, '2013-09-05 21:07:40'),
(2083, 65, 23, 2, 11, 2011, 34.00, '2013-09-05 21:07:40'),
(2084, 2, 24, 2, 11, 2011, 31.00, '2013-09-05 21:07:40'),
(2085, 108, 25, 2, 11, 2011, 28.00, '2013-09-05 21:07:40'),
(2086, 51, 1, 2, 12, 2011, 100.00, '2013-09-05 21:07:41'),
(2087, 90, 2, 2, 12, 2011, 97.00, '2013-09-05 21:07:41'),
(2088, 1, 3, 2, 12, 2011, 94.00, '2013-09-05 21:07:41'),
(2089, 92, 4, 2, 12, 2011, 91.00, '2013-09-05 21:07:41'),
(2090, 89, 5, 2, 12, 2011, 88.00, '2013-09-05 21:07:41'),
(2091, 8, 6, 2, 12, 2011, 85.00, '2013-09-05 21:07:41'),
(2092, 14, 7, 2, 12, 2011, 82.00, '2013-09-05 21:07:41'),
(2093, 97, 8, 2, 12, 2011, 79.00, '2013-09-05 21:07:41'),
(2094, 119, 9, 2, 12, 2011, 76.00, '2013-09-05 21:07:41'),
(2095, 104, 10, 2, 12, 2011, 73.00, '2013-09-05 21:07:41'),
(2096, 32, 11, 2, 12, 2011, 70.00, '2013-09-05 21:07:41'),
(2097, 60, 12, 2, 12, 2011, 67.00, '2013-09-05 21:07:41'),
(2098, 124, 13, 2, 12, 2011, 64.00, '2013-09-05 21:07:41'),
(2099, 28, 14, 2, 12, 2011, 61.00, '2013-09-05 21:07:42'),
(2100, 98, 15, 2, 12, 2011, 58.00, '2013-09-05 21:07:42'),
(2101, 67, 16, 2, 12, 2011, 55.00, '2013-09-05 21:07:42'),
(2102, 44, 17, 2, 12, 2011, 52.00, '2013-09-05 21:07:42'),
(2103, 59, 18, 2, 12, 2011, 49.00, '2013-09-05 21:07:42'),
(2104, 94, 19, 2, 12, 2011, 46.00, '2013-09-05 21:07:42'),
(2105, 65, 20, 2, 12, 2011, 43.00, '2013-09-05 21:07:42'),
(2106, 108, 21, 2, 12, 2011, 40.00, '2013-09-05 21:07:42'),
(2107, 123, 22, 2, 12, 2011, 37.00, '2013-09-05 21:07:42'),
(2108, 24, 23, 2, 12, 2011, 34.00, '2013-09-05 21:07:42'),
(2109, 30, 24, 2, 12, 2011, 31.00, '2013-09-05 21:07:42'),
(2110, 103, 25, 2, 12, 2011, 28.00, '2013-09-05 21:07:42'),
(2111, 51, 1, 2, 13, 2011, 100.00, '2013-09-05 21:07:43'),
(2112, 1, 2, 2, 13, 2011, 97.00, '2013-09-05 21:07:43'),
(2113, 8, 3, 2, 13, 2011, 94.00, '2013-09-05 21:07:43'),
(2114, 14, 4, 2, 13, 2011, 91.00, '2013-09-05 21:07:43'),
(2115, 119, 5, 2, 13, 2011, 88.00, '2013-09-05 21:07:43'),
(2116, 90, 6, 2, 13, 2011, 85.00, '2013-09-05 21:07:43'),
(2117, 104, 7, 2, 13, 2011, 82.00, '2013-09-05 21:07:43'),
(2118, 32, 8, 2, 13, 2011, 79.00, '2013-09-05 21:07:43'),
(2119, 92, 9, 2, 13, 2011, 76.00, '2013-09-05 21:07:43'),
(2120, 89, 10, 2, 13, 2011, 73.00, '2013-09-05 21:07:43'),
(2121, 60, 11, 2, 13, 2011, 70.00, '2013-09-05 21:07:43'),
(2122, 28, 12, 2, 13, 2011, 67.00, '2013-09-05 21:07:43'),
(2123, 98, 13, 2, 13, 2011, 64.00, '2013-09-05 21:07:43'),
(2124, 124, 14, 2, 13, 2011, 61.00, '2013-09-05 21:07:43'),
(2125, 44, 15, 2, 13, 2011, 58.00, '2013-09-05 21:07:43'),
(2126, 59, 16, 2, 13, 2011, 55.00, '2013-09-05 21:07:43'),
(2127, 97, 17, 2, 13, 2011, 52.00, '2013-09-05 21:07:43'),
(2128, 94, 18, 2, 13, 2011, 49.00, '2013-09-05 21:07:43'),
(2129, 108, 19, 2, 13, 2011, 46.00, '2013-09-05 21:07:44'),
(2130, 103, 20, 2, 13, 2011, 43.00, '2013-09-05 21:07:44'),
(2131, 67, 21, 2, 13, 2011, 40.00, '2013-09-05 21:07:44'),
(2132, 30, 22, 2, 13, 2011, 37.00, '2013-09-05 21:07:44'),
(2133, 39, 23, 2, 13, 2011, 34.00, '2013-09-05 21:07:44'),
(2134, 123, 24, 2, 13, 2011, 31.00, '2013-09-05 21:07:44'),
(2135, 118, 25, 2, 13, 2011, 28.00, '2013-09-05 21:07:44'),
(2136, 51, 1, 2, 14, 2011, 100.00, '2013-09-05 21:07:45'),
(2137, 1, 2, 2, 14, 2011, 97.00, '2013-09-05 21:07:45'),
(2138, 90, 3, 2, 14, 2011, 94.00, '2013-09-05 21:07:45'),
(2139, 14, 4, 2, 14, 2011, 91.00, '2013-09-05 21:07:45'),
(2140, 92, 5, 2, 14, 2011, 88.00, '2013-09-05 21:07:45'),
(2141, 32, 6, 2, 14, 2011, 85.00, '2013-09-05 21:07:45'),
(2142, 8, 7, 2, 14, 2011, 82.00, '2013-09-05 21:07:45'),
(2143, 124, 8, 2, 14, 2011, 79.00, '2013-09-05 21:07:45'),
(2144, 98, 9, 2, 14, 2011, 76.00, '2013-09-05 21:07:45'),
(2145, 44, 10, 2, 14, 2011, 73.00, '2013-09-05 21:07:45'),
(2146, 119, 11, 2, 14, 2011, 70.00, '2013-09-05 21:07:46'),
(2147, 59, 12, 2, 14, 2011, 67.00, '2013-09-05 21:07:46'),
(2148, 60, 13, 2, 14, 2011, 64.00, '2013-09-05 21:07:46'),
(2149, 97, 14, 2, 14, 2011, 61.00, '2013-09-05 21:07:46'),
(2150, 108, 15, 2, 14, 2011, 58.00, '2013-09-05 21:07:46'),
(2151, 103, 16, 2, 14, 2011, 55.00, '2013-09-05 21:07:46'),
(2152, 104, 17, 2, 14, 2011, 52.00, '2013-09-05 21:07:46'),
(2153, 28, 18, 2, 14, 2011, 49.00, '2013-09-05 21:07:46'),
(2154, 89, 19, 2, 14, 2011, 46.00, '2013-09-05 21:07:46'),
(2155, 67, 20, 2, 14, 2011, 43.00, '2013-09-05 21:07:46'),
(2156, 65, 21, 2, 14, 2011, 40.00, '2013-09-05 21:07:46'),
(2157, 123, 22, 2, 14, 2011, 37.00, '2013-09-05 21:07:46'),
(2158, 94, 23, 2, 14, 2011, 34.00, '2013-09-05 21:07:46'),
(2159, 83, 24, 2, 14, 2011, 31.00, '2013-09-05 21:07:46'),
(2160, 24, 25, 2, 14, 2011, 28.00, '2013-09-05 21:07:46'),
(2161, 51, 1, 2, 15, 2011, 100.00, '2013-09-05 21:07:47'),
(2162, 1, 2, 2, 15, 2011, 97.00, '2013-09-05 21:07:47'),
(2163, 90, 3, 2, 15, 2011, 94.00, '2013-09-05 21:07:47'),
(2164, 14, 4, 2, 15, 2011, 91.00, '2013-09-05 21:07:47'),
(2165, 92, 5, 2, 15, 2011, 88.00, '2013-09-05 21:07:47'),
(2166, 32, 6, 2, 15, 2011, 85.00, '2013-09-05 21:07:47'),
(2167, 8, 7, 2, 15, 2011, 82.00, '2013-09-05 21:07:47'),
(2168, 124, 8, 2, 15, 2011, 79.00, '2013-09-05 21:07:47'),
(2169, 98, 9, 2, 15, 2011, 76.00, '2013-09-05 21:07:47'),
(2170, 44, 10, 2, 15, 2011, 73.00, '2013-09-05 21:07:47'),
(2171, 119, 11, 2, 15, 2011, 70.00, '2013-09-05 21:07:47'),
(2172, 59, 12, 2, 15, 2011, 67.00, '2013-09-05 21:07:47'),
(2173, 60, 13, 2, 15, 2011, 64.00, '2013-09-05 21:07:47'),
(2174, 97, 14, 2, 15, 2011, 61.00, '2013-09-05 21:07:47'),
(2175, 108, 15, 2, 15, 2011, 58.00, '2013-09-05 21:07:47'),
(2176, 103, 16, 2, 15, 2011, 55.00, '2013-09-05 21:07:47'),
(2177, 104, 17, 2, 15, 2011, 52.00, '2013-09-05 21:07:48'),
(2178, 28, 18, 2, 15, 2011, 49.00, '2013-09-05 21:07:48'),
(2179, 89, 19, 2, 15, 2011, 46.00, '2013-09-05 21:07:48'),
(2180, 67, 20, 2, 15, 2011, 43.00, '2013-09-05 21:07:48'),
(2181, 65, 21, 2, 15, 2011, 40.00, '2013-09-05 21:07:48'),
(2182, 123, 22, 2, 15, 2011, 37.00, '2013-09-05 21:07:48'),
(2183, 94, 23, 2, 15, 2011, 34.00, '2013-09-05 21:07:48'),
(2184, 83, 24, 2, 15, 2011, 31.00, '2013-09-05 21:07:48'),
(2185, 24, 25, 2, 15, 2011, 28.00, '2013-09-05 21:07:48'),
(2186, 51, 1, 2, 0, 2011, 100.00, '2013-09-05 21:07:49'),
(2187, 1, 2, 2, 0, 2011, 97.00, '2013-09-05 21:07:49'),
(2188, 90, 3, 2, 0, 2011, 94.00, '2013-09-05 21:07:49'),
(2189, 14, 4, 2, 0, 2011, 91.00, '2013-09-05 21:07:49'),
(2190, 92, 5, 2, 0, 2011, 88.00, '2013-09-05 21:07:49'),
(2191, 32, 6, 2, 0, 2011, 85.00, '2013-09-05 21:07:49'),
(2192, 8, 7, 2, 0, 2011, 82.00, '2013-09-05 21:07:49'),
(2193, 124, 8, 2, 0, 2011, 79.00, '2013-09-05 21:07:49'),
(2194, 98, 9, 2, 0, 2011, 76.00, '2013-09-05 21:07:49'),
(2195, 44, 10, 2, 0, 2011, 73.00, '2013-09-05 21:07:49'),
(2196, 119, 11, 2, 0, 2011, 70.00, '2013-09-05 21:07:49'),
(2197, 59, 12, 2, 0, 2011, 67.00, '2013-09-05 21:07:49'),
(2198, 60, 13, 2, 0, 2011, 64.00, '2013-09-05 21:07:49'),
(2199, 97, 14, 2, 0, 2011, 61.00, '2013-09-05 21:07:49'),
(2200, 108, 15, 2, 0, 2011, 58.00, '2013-09-05 21:07:49'),
(2201, 103, 16, 2, 0, 2011, 55.00, '2013-09-05 21:07:49'),
(2202, 104, 17, 2, 0, 2011, 52.00, '2013-09-05 21:07:49'),
(2203, 28, 18, 2, 0, 2011, 49.00, '2013-09-05 21:07:49'),
(2204, 89, 19, 2, 0, 2011, 46.00, '2013-09-05 21:07:49'),
(2205, 67, 20, 2, 0, 2011, 43.00, '2013-09-05 21:07:49'),
(2206, 65, 21, 2, 0, 2011, 40.00, '2013-09-05 21:07:50'),
(2207, 123, 22, 2, 0, 2011, 37.00, '2013-09-05 21:07:50'),
(2208, 94, 23, 2, 0, 2011, 34.00, '2013-09-05 21:07:50'),
(2209, 83, 24, 2, 0, 2011, 31.00, '2013-09-05 21:07:50'),
(2210, 24, 25, 2, 0, 2011, 28.00, '2013-09-05 21:07:50'),
(2211, 39, 1, 2, 1, 2012, 100.00, '2013-09-05 21:07:50'),
(2212, 1, 2, 2, 1, 2012, 97.00, '2013-09-05 21:07:50'),
(2213, 92, 3, 2, 1, 2012, 94.00, '2013-09-05 21:07:50'),
(2214, 22, 4, 2, 1, 2012, 91.00, '2013-09-05 21:07:51'),
(2215, 28, 5, 2, 1, 2012, 88.00, '2013-09-05 21:07:51'),
(2216, 44, 6, 2, 1, 2012, 85.00, '2013-09-05 21:07:51'),
(2217, 14, 7, 2, 1, 2012, 82.00, '2013-09-05 21:07:51'),
(2218, 51, 8, 2, 1, 2012, 79.00, '2013-09-05 21:07:51'),
(2219, 110, 9, 2, 1, 2012, 76.00, '2013-09-05 21:07:51'),
(2220, 98, 10, 2, 1, 2012, 73.00, '2013-09-05 21:07:51'),
(2221, 89, 11, 2, 1, 2012, 70.00, '2013-09-05 21:07:51'),
(2222, 24, 12, 2, 1, 2012, 67.00, '2013-09-05 21:07:51'),
(2223, 97, 13, 2, 1, 2012, 64.00, '2013-09-05 21:07:51'),
(2224, 93, 14, 2, 1, 2012, 61.00, '2013-09-05 21:07:51'),
(2225, 32, 15, 2, 1, 2012, 58.00, '2013-09-05 21:07:51'),
(2226, 35, 16, 2, 1, 2012, 55.00, '2013-09-05 21:07:51'),
(2227, 15, 17, 2, 1, 2012, 52.00, '2013-09-05 21:07:51'),
(2228, 67, 18, 2, 1, 2012, 49.00, '2013-09-05 21:07:51'),
(2229, 46, 19, 2, 1, 2012, 46.00, '2013-09-05 21:07:51'),
(2230, 36, 20, 2, 1, 2012, 43.00, '2013-09-05 21:07:51'),
(2231, 117, 21, 2, 1, 2012, 40.00, '2013-09-05 21:07:52'),
(2232, 59, 22, 2, 1, 2012, 37.00, '2013-09-05 21:07:52'),
(2233, 84, 23, 2, 1, 2012, 34.00, '2013-09-05 21:07:52'),
(2234, 109, 24, 2, 1, 2012, 31.00, '2013-09-05 21:07:52'),
(2235, 124, 25, 2, 1, 2012, 28.00, '2013-09-05 21:07:52'),
(2236, 39, 1, 2, 2, 2012, 100.00, '2013-09-05 21:07:53'),
(2237, 1, 2, 2, 2, 2012, 97.00, '2013-09-05 21:07:53'),
(2238, 92, 3, 2, 2, 2012, 94.00, '2013-09-05 21:07:53'),
(2239, 22, 4, 2, 2, 2012, 91.00, '2013-09-05 21:07:53'),
(2240, 28, 5, 2, 2, 2012, 88.00, '2013-09-05 21:07:53'),
(2241, 44, 6, 2, 2, 2012, 85.00, '2013-09-05 21:07:53'),
(2242, 14, 7, 2, 2, 2012, 82.00, '2013-09-05 21:07:53'),
(2243, 51, 8, 2, 2, 2012, 79.00, '2013-09-05 21:07:53'),
(2244, 110, 9, 2, 2, 2012, 76.00, '2013-09-05 21:07:53'),
(2245, 98, 10, 2, 2, 2012, 73.00, '2013-09-05 21:07:53'),
(2246, 89, 11, 2, 2, 2012, 70.00, '2013-09-05 21:07:53'),
(2247, 24, 12, 2, 2, 2012, 67.00, '2013-09-05 21:07:53'),
(2248, 97, 13, 2, 2, 2012, 64.00, '2013-09-05 21:07:53'),
(2249, 93, 14, 2, 2, 2012, 61.00, '2013-09-05 21:07:53'),
(2250, 32, 15, 2, 2, 2012, 58.00, '2013-09-05 21:07:53'),
(2251, 35, 16, 2, 2, 2012, 55.00, '2013-09-05 21:07:53'),
(2252, 15, 17, 2, 2, 2012, 52.00, '2013-09-05 21:07:53'),
(2253, 67, 18, 2, 2, 2012, 49.00, '2013-09-05 21:07:53'),
(2254, 46, 19, 2, 2, 2012, 46.00, '2013-09-05 21:07:53'),
(2255, 36, 20, 2, 2, 2012, 43.00, '2013-09-05 21:07:53'),
(2256, 117, 21, 2, 2, 2012, 40.00, '2013-09-05 21:07:53'),
(2257, 59, 22, 2, 2, 2012, 37.00, '2013-09-05 21:07:54'),
(2258, 84, 23, 2, 2, 2012, 34.00, '2013-09-05 21:07:54'),
(2259, 109, 24, 2, 2, 2012, 31.00, '2013-09-05 21:07:54'),
(2260, 124, 25, 2, 2, 2012, 28.00, '2013-09-05 21:07:54'),
(2261, 39, 1, 2, 3, 2012, 100.00, '2013-09-05 21:07:54'),
(2262, 1, 2, 2, 3, 2012, 97.00, '2013-09-05 21:07:55'),
(2263, 92, 3, 2, 3, 2012, 94.00, '2013-09-05 21:07:55'),
(2264, 22, 4, 2, 3, 2012, 91.00, '2013-09-05 21:07:55'),
(2265, 28, 5, 2, 3, 2012, 88.00, '2013-09-05 21:07:55'),
(2266, 44, 6, 2, 3, 2012, 85.00, '2013-09-05 21:07:55'),
(2267, 14, 7, 2, 3, 2012, 82.00, '2013-09-05 21:07:55'),
(2268, 51, 8, 2, 3, 2012, 79.00, '2013-09-05 21:07:55'),
(2269, 110, 9, 2, 3, 2012, 76.00, '2013-09-05 21:07:55'),
(2270, 98, 10, 2, 3, 2012, 73.00, '2013-09-05 21:07:55'),
(2271, 89, 11, 2, 3, 2012, 70.00, '2013-09-05 21:07:55'),
(2272, 24, 12, 2, 3, 2012, 67.00, '2013-09-05 21:07:55'),
(2273, 97, 13, 2, 3, 2012, 64.00, '2013-09-05 21:07:55'),
(2274, 93, 14, 2, 3, 2012, 61.00, '2013-09-05 21:07:55'),
(2275, 32, 15, 2, 3, 2012, 58.00, '2013-09-05 21:07:56'),
(2276, 35, 16, 2, 3, 2012, 55.00, '2013-09-05 21:07:56'),
(2277, 15, 17, 2, 3, 2012, 52.00, '2013-09-05 21:07:56'),
(2278, 67, 18, 2, 3, 2012, 49.00, '2013-09-05 21:07:56'),
(2279, 46, 19, 2, 3, 2012, 46.00, '2013-09-05 21:07:56'),
(2280, 36, 20, 2, 3, 2012, 43.00, '2013-09-05 21:07:56'),
(2281, 117, 21, 2, 3, 2012, 40.00, '2013-09-05 21:07:56'),
(2282, 59, 22, 2, 3, 2012, 37.00, '2013-09-05 21:07:56'),
(2283, 84, 23, 2, 3, 2012, 34.00, '2013-09-05 21:07:56'),
(2284, 109, 24, 2, 3, 2012, 31.00, '2013-09-05 21:07:56'),
(2285, 124, 25, 2, 3, 2012, 28.00, '2013-09-05 21:07:56'),
(2286, 39, 1, 2, 4, 2012, 100.00, '2013-09-05 21:07:57'),
(2287, 1, 2, 2, 4, 2012, 97.00, '2013-09-05 21:07:57'),
(2288, 92, 3, 2, 4, 2012, 94.00, '2013-09-05 21:07:57'),
(2289, 22, 4, 2, 4, 2012, 91.00, '2013-09-05 21:07:57'),
(2290, 28, 5, 2, 4, 2012, 88.00, '2013-09-05 21:07:57'),
(2291, 44, 6, 2, 4, 2012, 85.00, '2013-09-05 21:07:57'),
(2292, 14, 7, 2, 4, 2012, 82.00, '2013-09-05 21:07:57'),
(2293, 51, 8, 2, 4, 2012, 79.00, '2013-09-05 21:07:57'),
(2294, 110, 9, 2, 4, 2012, 76.00, '2013-09-05 21:07:57'),
(2295, 98, 10, 2, 4, 2012, 73.00, '2013-09-05 21:07:57'),
(2296, 89, 11, 2, 4, 2012, 70.00, '2013-09-05 21:07:57'),
(2297, 24, 12, 2, 4, 2012, 67.00, '2013-09-05 21:07:57'),
(2298, 97, 13, 2, 4, 2012, 64.00, '2013-09-05 21:07:57'),
(2299, 93, 14, 2, 4, 2012, 61.00, '2013-09-05 21:07:58'),
(2300, 32, 15, 2, 4, 2012, 58.00, '2013-09-05 21:07:58'),
(2301, 35, 16, 2, 4, 2012, 55.00, '2013-09-05 21:07:58'),
(2302, 15, 17, 2, 4, 2012, 52.00, '2013-09-05 21:07:58'),
(2303, 67, 18, 2, 4, 2012, 49.00, '2013-09-05 21:07:58'),
(2304, 46, 19, 2, 4, 2012, 46.00, '2013-09-05 21:07:58'),
(2305, 36, 20, 2, 4, 2012, 43.00, '2013-09-05 21:07:58'),
(2306, 117, 21, 2, 4, 2012, 40.00, '2013-09-05 21:07:58'),
(2307, 59, 22, 2, 4, 2012, 37.00, '2013-09-05 21:07:58'),
(2308, 84, 23, 2, 4, 2012, 34.00, '2013-09-05 21:07:58'),
(2309, 109, 24, 2, 4, 2012, 31.00, '2013-09-05 21:07:58'),
(2310, 124, 25, 2, 4, 2012, 28.00, '2013-09-05 21:07:58'),
(2311, 39, 1, 2, 5, 2012, 100.00, '2013-09-05 21:07:59'),
(2312, 1, 2, 2, 5, 2012, 97.00, '2013-09-05 21:07:59'),
(2313, 92, 3, 2, 5, 2012, 94.00, '2013-09-05 21:07:59'),
(2314, 22, 4, 2, 5, 2012, 91.00, '2013-09-05 21:07:59'),
(2315, 28, 5, 2, 5, 2012, 88.00, '2013-09-05 21:07:59'),
(2316, 44, 6, 2, 5, 2012, 85.00, '2013-09-05 21:07:59'),
(2317, 14, 7, 2, 5, 2012, 82.00, '2013-09-05 21:07:59'),
(2318, 51, 8, 2, 5, 2012, 79.00, '2013-09-05 21:07:59'),
(2319, 110, 9, 2, 5, 2012, 76.00, '2013-09-05 21:07:59'),
(2320, 98, 10, 2, 5, 2012, 73.00, '2013-09-05 21:07:59'),
(2321, 89, 11, 2, 5, 2012, 70.00, '2013-09-05 21:07:59'),
(2322, 24, 12, 2, 5, 2012, 67.00, '2013-09-05 21:07:59'),
(2323, 97, 13, 2, 5, 2012, 64.00, '2013-09-05 21:07:59'),
(2324, 93, 14, 2, 5, 2012, 61.00, '2013-09-05 21:07:59'),
(2325, 32, 15, 2, 5, 2012, 58.00, '2013-09-05 21:07:59'),
(2326, 35, 16, 2, 5, 2012, 55.00, '2013-09-05 21:07:59'),
(2327, 15, 17, 2, 5, 2012, 52.00, '2013-09-05 21:08:00'),
(2328, 67, 18, 2, 5, 2012, 49.00, '2013-09-05 21:08:00'),
(2329, 46, 19, 2, 5, 2012, 46.00, '2013-09-05 21:08:00'),
(2330, 36, 20, 2, 5, 2012, 43.00, '2013-09-05 21:08:00'),
(2331, 117, 21, 2, 5, 2012, 40.00, '2013-09-05 21:08:00'),
(2332, 59, 22, 2, 5, 2012, 37.00, '2013-09-05 21:08:00'),
(2333, 84, 23, 2, 5, 2012, 34.00, '2013-09-05 21:08:00'),
(2334, 109, 24, 2, 5, 2012, 31.00, '2013-09-05 21:08:00'),
(2335, 124, 25, 2, 5, 2012, 28.00, '2013-09-05 21:08:00'),
(2336, 39, 1, 2, 6, 2012, 100.00, '2013-09-05 21:08:01'),
(2337, 1, 2, 2, 6, 2012, 97.00, '2013-09-05 21:08:01'),
(2338, 92, 3, 2, 6, 2012, 94.00, '2013-09-05 21:08:01'),
(2339, 22, 4, 2, 6, 2012, 91.00, '2013-09-05 21:08:01'),
(2340, 28, 5, 2, 6, 2012, 88.00, '2013-09-05 21:08:01'),
(2341, 44, 6, 2, 6, 2012, 85.00, '2013-09-05 21:08:01'),
(2342, 14, 7, 2, 6, 2012, 82.00, '2013-09-05 21:08:01'),
(2343, 51, 8, 2, 6, 2012, 79.00, '2013-09-05 21:08:01'),
(2344, 110, 9, 2, 6, 2012, 76.00, '2013-09-05 21:08:01'),
(2345, 98, 10, 2, 6, 2012, 73.00, '2013-09-05 21:08:01'),
(2346, 89, 11, 2, 6, 2012, 70.00, '2013-09-05 21:08:01'),
(2347, 24, 12, 2, 6, 2012, 67.00, '2013-09-05 21:08:01'),
(2348, 97, 13, 2, 6, 2012, 64.00, '2013-09-05 21:08:01'),
(2349, 93, 14, 2, 6, 2012, 61.00, '2013-09-05 21:08:01'),
(2350, 32, 15, 2, 6, 2012, 58.00, '2013-09-05 21:08:01'),
(2351, 35, 16, 2, 6, 2012, 55.00, '2013-09-05 21:08:01'),
(2352, 15, 17, 2, 6, 2012, 52.00, '2013-09-05 21:08:01'),
(2353, 67, 18, 2, 6, 2012, 49.00, '2013-09-05 21:08:02'),
(2354, 46, 19, 2, 6, 2012, 46.00, '2013-09-05 21:08:02'),
(2355, 36, 20, 2, 6, 2012, 43.00, '2013-09-05 21:08:02'),
(2356, 117, 21, 2, 6, 2012, 40.00, '2013-09-05 21:08:02'),
(2357, 59, 22, 2, 6, 2012, 37.00, '2013-09-05 21:08:02'),
(2358, 84, 23, 2, 6, 2012, 34.00, '2013-09-05 21:08:02'),
(2359, 109, 24, 2, 6, 2012, 31.00, '2013-09-05 21:08:02'),
(2360, 124, 25, 2, 6, 2012, 28.00, '2013-09-05 21:08:02'),
(2361, 1, 1, 2, 7, 2012, 100.00, '2013-09-05 21:08:03'),
(2362, 92, 2, 2, 7, 2012, 97.00, '2013-09-05 21:08:03'),
(2363, 98, 3, 2, 7, 2012, 94.00, '2013-09-05 21:08:03'),
(2364, 123, 4, 2, 7, 2012, 91.00, '2013-09-05 21:08:03'),
(2365, 44, 5, 2, 7, 2012, 88.00, '2013-09-05 21:08:03'),
(2366, 22, 6, 2, 7, 2012, 85.00, '2013-09-05 21:08:03'),
(2367, 39, 7, 2, 7, 2012, 82.00, '2013-09-05 21:08:03'),
(2368, 51, 8, 2, 7, 2012, 79.00, '2013-09-05 21:08:03'),
(2369, 24, 9, 2, 7, 2012, 76.00, '2013-09-05 21:08:03'),
(2370, 16, 10, 2, 7, 2012, 73.00, '2013-09-05 21:08:03'),
(2371, 28, 11, 2, 7, 2012, 70.00, '2013-09-05 21:08:03'),
(2372, 93, 12, 2, 7, 2012, 67.00, '2013-09-05 21:08:03'),
(2373, 89, 13, 2, 7, 2012, 64.00, '2013-09-05 21:08:03'),
(2374, 97, 14, 2, 7, 2012, 61.00, '2013-09-05 21:08:03'),
(2375, 109, 15, 2, 7, 2012, 58.00, '2013-09-05 21:08:03'),
(2376, 14, 16, 2, 7, 2012, 55.00, '2013-09-05 21:08:03'),
(2377, 63, 17, 2, 7, 2012, 52.00, '2013-09-05 21:08:03'),
(2378, 46, 18, 2, 7, 2012, 49.00, '2013-09-05 21:08:03'),
(2379, 70, 19, 2, 7, 2012, 46.00, '2013-09-05 21:08:03'),
(2380, 83, 20, 2, 7, 2012, 43.00, '2013-09-05 21:08:03'),
(2381, 108, 21, 2, 7, 2012, 40.00, '2013-09-05 21:08:04'),
(2382, 32, 22, 2, 7, 2012, 37.00, '2013-09-05 21:08:04'),
(2383, 110, 23, 2, 7, 2012, 34.00, '2013-09-05 21:08:04'),
(2384, 50, 24, 2, 7, 2012, 31.00, '2013-09-05 21:08:04'),
(2385, 42, 25, 2, 7, 2012, 28.00, '2013-09-05 21:08:04'),
(2386, 1, 1, 2, 8, 2012, 100.00, '2013-09-05 21:08:04'),
(2387, 92, 2, 2, 8, 2012, 97.00, '2013-09-05 21:08:05'),
(2388, 22, 3, 2, 8, 2012, 94.00, '2013-09-05 21:08:05'),
(2389, 44, 4, 2, 8, 2012, 91.00, '2013-09-05 21:08:05'),
(2390, 39, 5, 2, 8, 2012, 88.00, '2013-09-05 21:08:05'),
(2391, 51, 6, 2, 8, 2012, 85.00, '2013-09-05 21:08:05'),
(2392, 98, 7, 2, 8, 2012, 82.00, '2013-09-05 21:08:05'),
(2393, 24, 8, 2, 8, 2012, 79.00, '2013-09-05 21:08:05'),
(2394, 89, 9, 2, 8, 2012, 76.00, '2013-09-05 21:08:05'),
(2395, 93, 10, 2, 8, 2012, 73.00, '2013-09-05 21:08:05'),
(2396, 16, 11, 2, 8, 2012, 70.00, '2013-09-05 21:08:05'),
(2397, 28, 12, 2, 8, 2012, 67.00, '2013-09-05 21:08:05'),
(2398, 97, 13, 2, 8, 2012, 64.00, '2013-09-05 21:08:05'),
(2399, 63, 14, 2, 8, 2012, 61.00, '2013-09-05 21:08:05'),
(2400, 123, 15, 2, 8, 2012, 58.00, '2013-09-05 21:08:05'),
(2401, 46, 16, 2, 8, 2012, 55.00, '2013-09-05 21:08:06'),
(2402, 70, 17, 2, 8, 2012, 52.00, '2013-09-05 21:08:06'),
(2403, 83, 18, 2, 8, 2012, 49.00, '2013-09-05 21:08:06'),
(2404, 110, 19, 2, 8, 2012, 46.00, '2013-09-05 21:08:06'),
(2405, 14, 20, 2, 8, 2012, 43.00, '2013-09-05 21:08:06'),
(2406, 112, 21, 2, 8, 2012, 40.00, '2013-09-05 21:08:06'),
(2407, 108, 22, 2, 8, 2012, 37.00, '2013-09-05 21:08:06'),
(2408, 32, 23, 2, 8, 2012, 34.00, '2013-09-05 21:08:06'),
(2409, 7, 24, 2, 8, 2012, 31.00, '2013-09-05 21:08:06'),
(2410, 109, 25, 2, 8, 2012, 28.00, '2013-09-05 21:08:06'),
(2411, 1, 1, 2, 9, 2012, 100.00, '2013-09-05 21:08:07'),
(2412, 92, 2, 2, 9, 2012, 97.00, '2013-09-05 21:08:07'),
(2413, 22, 3, 2, 9, 2012, 94.00, '2013-09-05 21:08:07'),
(2414, 44, 4, 2, 9, 2012, 91.00, '2013-09-05 21:08:07'),
(2415, 39, 5, 2, 9, 2012, 88.00, '2013-09-05 21:08:07'),
(2416, 51, 6, 2, 9, 2012, 85.00, '2013-09-05 21:08:07'),
(2417, 89, 7, 2, 9, 2012, 82.00, '2013-09-05 21:08:07'),
(2418, 93, 8, 2, 9, 2012, 79.00, '2013-09-05 21:08:07'),
(2419, 16, 9, 2, 9, 2012, 76.00, '2013-09-05 21:08:07'),
(2420, 24, 10, 2, 9, 2012, 73.00, '2013-09-05 21:08:07'),
(2421, 28, 11, 2, 9, 2012, 70.00, '2013-09-05 21:08:08'),
(2422, 63, 12, 2, 9, 2012, 67.00, '2013-09-05 21:08:08'),
(2423, 97, 13, 2, 9, 2012, 64.00, '2013-09-05 21:08:08'),
(2424, 46, 14, 2, 9, 2012, 61.00, '2013-09-05 21:08:08'),
(2425, 70, 15, 2, 9, 2012, 58.00, '2013-09-05 21:08:08'),
(2426, 98, 16, 2, 9, 2012, 55.00, '2013-09-05 21:08:08'),
(2427, 112, 17, 2, 9, 2012, 52.00, '2013-09-05 21:08:08'),
(2428, 14, 18, 2, 9, 2012, 49.00, '2013-09-05 21:08:08'),
(2429, 32, 19, 2, 9, 2012, 46.00, '2013-09-05 21:08:08'),
(2430, 59, 20, 2, 9, 2012, 43.00, '2013-09-05 21:08:08'),
(2431, 110, 21, 2, 9, 2012, 40.00, '2013-09-05 21:08:08'),
(2432, 123, 22, 2, 9, 2012, 37.00, '2013-09-05 21:08:08'),
(2433, 86, 23, 2, 9, 2012, 34.00, '2013-09-05 21:08:08'),
(2434, 109, 24, 2, 9, 2012, 31.00, '2013-09-05 21:08:08'),
(2435, 108, 25, 2, 9, 2012, 28.00, '2013-09-05 21:08:08'),
(2436, 1, 1, 2, 10, 2012, 100.00, '2013-09-05 21:08:09'),
(2437, 92, 2, 2, 10, 2012, 97.00, '2013-09-05 21:08:09'),
(2438, 44, 3, 2, 10, 2012, 94.00, '2013-09-05 21:08:09'),
(2439, 39, 4, 2, 10, 2012, 91.00, '2013-09-05 21:08:09'),
(2440, 51, 5, 2, 10, 2012, 88.00, '2013-09-05 21:08:09'),
(2441, 28, 6, 2, 10, 2012, 85.00, '2013-09-05 21:08:09'),
(2442, 24, 7, 2, 10, 2012, 82.00, '2013-09-05 21:08:09'),
(2443, 22, 8, 2, 10, 2012, 79.00, '2013-09-05 21:08:09'),
(2444, 97, 9, 2, 10, 2012, 76.00, '2013-09-05 21:08:09'),
(2445, 46, 10, 2, 10, 2012, 73.00, '2013-09-05 21:08:09'),
(2446, 98, 11, 2, 10, 2012, 70.00, '2013-09-05 21:08:09'),
(2447, 89, 12, 2, 10, 2012, 67.00, '2013-09-05 21:08:09'),
(2448, 93, 13, 2, 10, 2012, 64.00, '2013-09-05 21:08:09'),
(2449, 14, 14, 2, 10, 2012, 61.00, '2013-09-05 21:08:09'),
(2450, 63, 15, 2, 10, 2012, 58.00, '2013-09-05 21:08:09'),
(2451, 16, 16, 2, 10, 2012, 55.00, '2013-09-05 21:08:10'),
(2452, 32, 17, 2, 10, 2012, 52.00, '2013-09-05 21:08:10'),
(2453, 110, 18, 2, 10, 2012, 49.00, '2013-09-05 21:08:10'),
(2454, 112, 19, 2, 10, 2012, 46.00, '2013-09-05 21:08:10'),
(2455, 123, 20, 2, 10, 2012, 43.00, '2013-09-05 21:08:10'),
(2456, 67, 21, 2, 10, 2012, 40.00, '2013-09-05 21:08:10'),
(2457, 109, 22, 2, 10, 2012, 37.00, '2013-09-05 21:08:10'),
(2458, 70, 23, 2, 10, 2012, 34.00, '2013-09-05 21:08:10'),
(2459, 50, 24, 2, 10, 2012, 31.00, '2013-09-05 21:08:10'),
(2460, 90, 25, 2, 10, 2012, 28.00, '2013-09-05 21:08:10'),
(2461, 1, 1, 2, 11, 2012, 100.00, '2013-09-05 21:08:11'),
(2462, 92, 2, 2, 11, 2012, 97.00, '2013-09-05 21:08:11'),
(2463, 44, 3, 2, 11, 2012, 94.00, '2013-09-05 21:08:11'),
(2464, 39, 4, 2, 11, 2012, 91.00, '2013-09-05 21:08:11'),
(2465, 28, 5, 2, 11, 2012, 88.00, '2013-09-05 21:08:11'),
(2466, 24, 6, 2, 11, 2012, 85.00, '2013-09-05 21:08:11'),
(2467, 22, 7, 2, 11, 2012, 82.00, '2013-09-05 21:08:11'),
(2468, 51, 8, 2, 11, 2012, 79.00, '2013-09-05 21:08:11'),
(2469, 97, 9, 2, 11, 2012, 76.00, '2013-09-05 21:08:11'),
(2470, 46, 10, 2, 11, 2012, 73.00, '2013-09-05 21:08:11'),
(2471, 98, 11, 2, 11, 2012, 70.00, '2013-09-05 21:08:11'),
(2472, 93, 12, 2, 11, 2012, 67.00, '2013-09-05 21:08:11'),
(2473, 89, 13, 2, 11, 2012, 64.00, '2013-09-05 21:08:11'),
(2474, 14, 14, 2, 11, 2012, 61.00, '2013-09-05 21:08:11'),
(2475, 110, 15, 2, 11, 2012, 58.00, '2013-09-05 21:08:11'),
(2476, 67, 16, 2, 11, 2012, 55.00, '2013-09-05 21:08:11'),
(2477, 109, 17, 2, 11, 2012, 52.00, '2013-09-05 21:08:11'),
(2478, 16, 18, 2, 11, 2012, 49.00, '2013-09-05 21:08:11'),
(2479, 50, 19, 2, 11, 2012, 46.00, '2013-09-05 21:08:11'),
(2480, 63, 20, 2, 11, 2012, 43.00, '2013-09-05 21:08:11'),
(2481, 15, 21, 2, 11, 2012, 40.00, '2013-09-05 21:08:12'),
(2482, 70, 22, 2, 11, 2012, 37.00, '2013-09-05 21:08:12'),
(2483, 32, 23, 2, 11, 2012, 34.00, '2013-09-05 21:08:12'),
(2484, 36, 24, 2, 11, 2012, 31.00, '2013-09-05 21:08:12'),
(2485, 112, 25, 2, 11, 2012, 28.00, '2013-09-05 21:08:12'),
(2486, 92, 1, 2, 12, 2012, 100.00, '2013-09-05 21:08:12'),
(2487, 44, 2, 2, 12, 2012, 97.00, '2013-09-05 21:08:13'),
(2488, 39, 3, 2, 12, 2012, 94.00, '2013-09-05 21:08:13'),
(2489, 1, 4, 2, 12, 2012, 91.00, '2013-09-05 21:08:13'),
(2490, 28, 5, 2, 12, 2012, 88.00, '2013-09-05 21:08:13'),
(2491, 24, 6, 2, 12, 2012, 85.00, '2013-09-05 21:08:13'),
(2492, 22, 7, 2, 12, 2012, 82.00, '2013-09-05 21:08:13'),
(2493, 51, 8, 2, 12, 2012, 79.00, '2013-09-05 21:08:13'),
(2494, 97, 9, 2, 12, 2012, 76.00, '2013-09-05 21:08:13'),
(2495, 110, 10, 2, 12, 2012, 73.00, '2013-09-05 21:08:13'),
(2496, 98, 11, 2, 12, 2012, 70.00, '2013-09-05 21:08:13'),
(2497, 89, 12, 2, 12, 2012, 67.00, '2013-09-05 21:08:13'),
(2498, 14, 13, 2, 12, 2012, 64.00, '2013-09-05 21:08:13'),
(2499, 67, 14, 2, 12, 2012, 61.00, '2013-09-05 21:08:13'),
(2500, 109, 15, 2, 12, 2012, 58.00, '2013-09-05 21:08:13'),
(2501, 93, 16, 2, 12, 2012, 55.00, '2013-09-05 21:08:13'),
(2502, 46, 17, 2, 12, 2012, 52.00, '2013-09-05 21:08:13'),
(2503, 16, 18, 2, 12, 2012, 49.00, '2013-09-05 21:08:13'),
(2504, 15, 19, 2, 12, 2012, 46.00, '2013-09-05 21:08:13'),
(2505, 50, 20, 2, 12, 2012, 43.00, '2013-09-05 21:08:13'),
(2506, 70, 21, 2, 12, 2012, 40.00, '2013-09-05 21:08:13'),
(2507, 112, 22, 2, 12, 2012, 37.00, '2013-09-05 21:08:13'),
(2508, 32, 23, 2, 12, 2012, 34.00, '2013-09-05 21:08:13'),
(2509, 59, 24, 2, 12, 2012, 31.00, '2013-09-05 21:08:13'),
(2510, 63, 25, 2, 12, 2012, 28.00, '2013-09-05 21:08:13'),
(2511, 39, 1, 2, 13, 2012, 100.00, '2013-09-05 21:08:14'),
(2512, 1, 2, 2, 13, 2012, 97.00, '2013-09-05 21:08:14'),
(2513, 28, 3, 2, 13, 2012, 94.00, '2013-09-05 21:08:14'),
(2514, 92, 4, 2, 13, 2012, 91.00, '2013-09-05 21:08:14'),
(2515, 22, 5, 2, 13, 2012, 88.00, '2013-09-05 21:08:14'),
(2516, 24, 6, 2, 13, 2012, 85.00, '2013-09-05 21:08:14'),
(2517, 44, 7, 2, 13, 2012, 82.00, '2013-09-05 21:08:14'),
(2518, 51, 8, 2, 13, 2012, 79.00, '2013-09-05 21:08:15'),
(2519, 97, 9, 2, 13, 2012, 76.00, '2013-09-05 21:08:15'),
(2520, 110, 10, 2, 13, 2012, 73.00, '2013-09-05 21:08:15'),
(2521, 14, 11, 2, 13, 2012, 70.00, '2013-09-05 21:08:15'),
(2522, 98, 12, 2, 13, 2012, 67.00, '2013-09-05 21:08:15'),
(2523, 89, 13, 2, 13, 2012, 64.00, '2013-09-05 21:08:15'),
(2524, 67, 14, 2, 13, 2012, 61.00, '2013-09-05 21:08:15'),
(2525, 93, 15, 2, 13, 2012, 58.00, '2013-09-05 21:08:15'),
(2526, 15, 16, 2, 13, 2012, 55.00, '2013-09-05 21:08:15'),
(2527, 109, 17, 2, 13, 2012, 52.00, '2013-09-05 21:08:15'),
(2528, 46, 18, 2, 13, 2012, 49.00, '2013-09-05 21:08:15'),
(2529, 70, 19, 2, 13, 2012, 46.00, '2013-09-05 21:08:15'),
(2530, 59, 20, 2, 13, 2012, 43.00, '2013-09-05 21:08:15'),
(2531, 32, 21, 2, 13, 2012, 40.00, '2013-09-05 21:08:15'),
(2532, 90, 22, 2, 13, 2012, 37.00, '2013-09-05 21:08:15'),
(2533, 63, 23, 2, 13, 2012, 34.00, '2013-09-05 21:08:15'),
(2534, 35, 24, 2, 13, 2012, 31.00, '2013-09-05 21:08:15'),
(2535, 84, 25, 2, 13, 2012, 28.00, '2013-09-05 21:08:15'),
(2536, 39, 1, 2, 14, 2012, 100.00, '2013-09-05 21:08:16'),
(2537, 1, 2, 2, 14, 2012, 97.00, '2013-09-05 21:08:17'),
(2538, 28, 3, 2, 14, 2012, 94.00, '2013-09-05 21:08:17'),
(2539, 92, 4, 2, 14, 2012, 91.00, '2013-09-05 21:08:17'),
(2540, 22, 5, 2, 14, 2012, 88.00, '2013-09-05 21:08:17'),
(2541, 44, 6, 2, 14, 2012, 85.00, '2013-09-05 21:08:17'),
(2542, 51, 7, 2, 14, 2012, 82.00, '2013-09-05 21:08:17'),
(2543, 14, 8, 2, 14, 2012, 79.00, '2013-09-05 21:08:17'),
(2544, 110, 9, 2, 14, 2012, 76.00, '2013-09-05 21:08:17'),
(2545, 98, 10, 2, 14, 2012, 73.00, '2013-09-05 21:08:17'),
(2546, 89, 11, 2, 14, 2012, 70.00, '2013-09-05 21:08:17'),
(2547, 24, 12, 2, 14, 2012, 67.00, '2013-09-05 21:08:17'),
(2548, 67, 13, 2, 14, 2012, 64.00, '2013-09-05 21:08:17'),
(2549, 97, 14, 2, 14, 2012, 61.00, '2013-09-05 21:08:17'),
(2550, 93, 15, 2, 14, 2012, 58.00, '2013-09-05 21:08:17'),
(2551, 15, 16, 2, 14, 2012, 55.00, '2013-09-05 21:08:17'),
(2552, 32, 17, 2, 14, 2012, 52.00, '2013-09-05 21:08:17'),
(2553, 84, 18, 2, 14, 2012, 49.00, '2013-09-05 21:08:17'),
(2554, 35, 19, 2, 14, 2012, 46.00, '2013-09-05 21:08:17'),
(2555, 109, 20, 2, 14, 2012, 43.00, '2013-09-05 21:08:17'),
(2556, 36, 21, 2, 14, 2012, 40.00, '2013-09-05 21:08:18'),
(2557, 117, 22, 2, 14, 2012, 37.00, '2013-09-05 21:08:18'),
(2558, 59, 23, 2, 14, 2012, 34.00, '2013-09-05 21:08:18'),
(2559, 46, 24, 2, 14, 2012, 31.00, '2013-09-05 21:08:18'),
(2560, 90, 25, 2, 14, 2012, 28.00, '2013-09-05 21:08:18'),
(2561, 39, 1, 2, 15, 2012, 100.00, '2013-09-05 21:08:18'),
(2562, 1, 2, 2, 15, 2012, 97.00, '2013-09-05 21:08:19'),
(2563, 92, 3, 2, 15, 2012, 94.00, '2013-09-05 21:08:19'),
(2564, 22, 4, 2, 15, 2012, 91.00, '2013-09-05 21:08:19'),
(2565, 28, 5, 2, 15, 2012, 88.00, '2013-09-05 21:08:19'),
(2566, 44, 6, 2, 15, 2012, 85.00, '2013-09-05 21:08:19'),
(2567, 14, 7, 2, 15, 2012, 82.00, '2013-09-05 21:08:19'),
(2568, 51, 8, 2, 15, 2012, 79.00, '2013-09-05 21:08:19'),
(2569, 110, 9, 2, 15, 2012, 76.00, '2013-09-05 21:08:19'),
(2570, 98, 10, 2, 15, 2012, 73.00, '2013-09-05 21:08:19'),
(2571, 89, 11, 2, 15, 2012, 70.00, '2013-09-05 21:08:19'),
(2572, 24, 12, 2, 15, 2012, 67.00, '2013-09-05 21:08:19'),
(2573, 97, 13, 2, 15, 2012, 64.00, '2013-09-05 21:08:19'),
(2574, 93, 14, 2, 15, 2012, 61.00, '2013-09-05 21:08:19'),
(2575, 32, 15, 2, 15, 2012, 58.00, '2013-09-05 21:08:19'),
(2576, 35, 16, 2, 15, 2012, 55.00, '2013-09-05 21:08:19'),
(2577, 15, 17, 2, 15, 2012, 52.00, '2013-09-05 21:08:19'),
(2578, 67, 18, 2, 15, 2012, 49.00, '2013-09-05 21:08:19'),
(2579, 46, 19, 2, 15, 2012, 46.00, '2013-09-05 21:08:19'),
(2580, 36, 20, 2, 15, 2012, 43.00, '2013-09-05 21:08:19'),
(2581, 117, 21, 2, 15, 2012, 40.00, '2013-09-05 21:08:19'),
(2582, 59, 22, 2, 15, 2012, 37.00, '2013-09-05 21:08:19'),
(2583, 84, 23, 2, 15, 2012, 34.00, '2013-09-05 21:08:20'),
(2584, 109, 24, 2, 15, 2012, 31.00, '2013-09-05 21:08:20'),
(2585, 124, 25, 2, 15, 2012, 28.00, '2013-09-05 21:08:20'),
(2586, 39, 1, 2, 0, 2012, 100.00, '2013-09-05 21:08:20'),
(2587, 1, 2, 2, 0, 2012, 97.00, '2013-09-05 21:08:20'),
(2588, 92, 3, 2, 0, 2012, 94.00, '2013-09-05 21:08:20'),
(2589, 22, 4, 2, 0, 2012, 91.00, '2013-09-05 21:08:20'),
(2590, 28, 5, 2, 0, 2012, 88.00, '2013-09-05 21:08:21'),
(2591, 44, 6, 2, 0, 2012, 85.00, '2013-09-05 21:08:21'),
(2592, 14, 7, 2, 0, 2012, 82.00, '2013-09-05 21:08:21'),
(2593, 51, 8, 2, 0, 2012, 79.00, '2013-09-05 21:08:21'),
(2594, 110, 9, 2, 0, 2012, 76.00, '2013-09-05 21:08:21'),
(2595, 98, 10, 2, 0, 2012, 73.00, '2013-09-05 21:08:21'),
(2596, 89, 11, 2, 0, 2012, 70.00, '2013-09-05 21:08:21'),
(2597, 24, 12, 2, 0, 2012, 67.00, '2013-09-05 21:08:21'),
(2598, 97, 13, 2, 0, 2012, 64.00, '2013-09-05 21:08:21'),
(2599, 93, 14, 2, 0, 2012, 61.00, '2013-09-05 21:08:21'),
(2600, 32, 15, 2, 0, 2012, 58.00, '2013-09-05 21:08:21'),
(2601, 35, 16, 2, 0, 2012, 55.00, '2013-09-05 21:08:21'),
(2602, 15, 17, 2, 0, 2012, 52.00, '2013-09-05 21:08:21'),
(2603, 67, 18, 2, 0, 2012, 49.00, '2013-09-05 21:08:21'),
(2604, 46, 19, 2, 0, 2012, 46.00, '2013-09-05 21:08:21'),
(2605, 36, 20, 2, 0, 2012, 43.00, '2013-09-05 21:08:21'),
(2606, 117, 21, 2, 0, 2012, 40.00, '2013-09-05 21:08:21'),
(2607, 59, 22, 2, 0, 2012, 37.00, '2013-09-05 21:08:21'),
(2608, 84, 23, 2, 0, 2012, 34.00, '2013-09-05 21:08:21'),
(2609, 109, 24, 2, 0, 2012, 31.00, '2013-09-05 21:08:21'),
(2610, 124, 25, 2, 0, 2012, 28.00, '2013-09-05 21:08:21');

-- --------------------------------------------------------

--
-- Table structure for table `teams`
--

DROP TABLE IF EXISTS `teams`;
CREATE TABLE IF NOT EXISTS `teams` (
  `id` int(11) NOT NULL AUTO_INCREMENT,
  `name` varchar(255) CHARACTER SET latin1 NOT NULL,
  `shortname` varchar(50) COLLATE utf8_unicode_ci NOT NULL,
  `school` varchar(255) CHARACTER SET latin1 NOT NULL,
  `conference` varchar(25) CHARACTER SET latin1 NOT NULL,
  PRIMARY KEY (`id`)
) ENGINE=InnoDB  DEFAULT CHARSET=utf8 COLLATE=utf8_unicode_ci AUTO_INCREMENT=126 ;

--
-- Dumping data for table `teams`
--

INSERT INTO `teams` (`id`, `name`, `shortname`, `school`, `conference`) VALUES
(1, 'Alabama Crimson Tide', 'Alabama', 'University of Alabama', 'SEC'),
(2, 'Auburn Tigers', 'Auburn', 'Auburn University', 'SEC'),
(3, 'South Alabama Jaguars', 'South Alabama', 'University of South Alabama', 'Sun Belt'),
(4, 'Troy Trojans', 'Troy', 'Troy University', 'Sun Belt'),
(5, 'UAB Blazers', 'UAB', 'University of Alabama at Birmingham', 'C-USA'),
(6, 'Arizona Wildcats', 'Arizona', 'University of Arizona', 'Pac-12'),
(7, 'Arizona State Sun Devils', 'Arizona State', 'Arizona State University', 'Pac-12'),
(8, 'Arkansas Razorbacks', 'Arkansas', 'University of Arkansas', 'SEC'),
(9, 'Arkansas State Red Wolves', 'Arkansas State', 'Arkansas State University', 'Sun Belt'),
(10, 'California Golden Bears', 'California', 'University of California, Berkeley', 'Pac-12'),
(11, 'Fresno State Bulldogs', 'Fresno State', 'California State University, Fresno', 'Mountain West'),
(12, 'San Diego State Aztecs', 'SDSU', 'San Diego State University', 'Mountain West'),
(13, 'San Jose State Spartans', 'San Jose State', 'San Jose State University', 'Mountain West'),
(14, 'Stanford Cardinal', 'Stanford', 'Stanford University', 'Pac-12'),
(15, 'UCLA Bruins', 'UCLA', 'University of California, Los Angeles', 'Pac-12'),
(16, 'USC Trojans', 'USC', 'University of Southern California', 'Pac-12'),
(17, 'Air Force Falcons', 'Air Force', 'United States Air Force Academy', 'Mountain West'),
(18, 'Colorado Buffaloes', 'Colorado', 'University of Colorado at Boulder', 'Pac-12'),
(19, 'Colorado State Rams', 'Colorado State', 'Colorado State University', 'Mountain West'),
(20, 'Connecticut Huskies', 'Connecticut', 'University of Connecticut', 'American'),
(21, 'FIU Panthers', 'FIU', 'Florida International University', 'C-USA'),
(22, 'Florida Gators', 'Florida', 'University of Florida', 'SEC'),
(23, 'Florida Atlantic Owls', 'Florida Atlantic', 'Florida Atlantic University', 'C-USA'),
(24, 'Florida State Seminoles', 'Florida State', 'Florida State University', 'ACC'),
(25, 'Miami Hurricanes', 'Miami (FL)', 'University of Miami', 'ACC'),
(26, 'South Florida Bulls', 'South Florida', 'University of South Florida', 'American'),
(27, 'UCF Knights', 'UCF', 'University of Central Florida', 'American'),
(28, 'Georgia Bulldogs', 'Georgia', 'University of Georgia', 'SEC'),
(29, 'Georgia State Panthers', 'Georgia State', 'Georgia State University', 'Sun Belt'),
(30, 'Georgia Tech Yellow Jackets', 'Georgia Tech', 'Georgia Institute of Technology', 'ACC'),
(31, 'Hawaii Rainbow Warriors', 'Hawaii', 'University of Hawai?i at M?noa', 'Mountain West'),
(32, 'Boise State Broncos', 'Boise State', 'Boise State University', 'Mountain West'),
(33, 'Idaho Vandals', 'Idaho', 'University of Idaho', 'Independent'),
(34, 'Illinois Fighting Illini', 'Illinois', 'University of Illinois at UrbanaChampaign', 'Big Ten'),
(35, 'Northern Illinois Huskies', 'Northern Illinois', 'Northern Illinois University', 'MAC'),
(36, 'Northwestern Wildcats', 'Northwestern', 'Northwestern University', 'Big Ten'),
(37, 'Ball State Cardinals', 'Ball State', 'Ball State University', 'MAC'),
(38, 'Indiana Hoosiers', 'Indiana', 'Indiana University', 'Big Ten'),
(39, 'Notre Dame Fighting Irish', 'Notre Dame', 'University of Notre Dame', 'Independent'),
(40, 'Purdue Boilermakers', 'Purdue', 'Purdue University', 'Big Ten'),
(41, 'Iowa Hawkeyes', 'Iowa', 'University of Iowa', 'Big Ten'),
(42, 'Iowa State Cyclones', 'Iowa State', 'Iowa State University', 'Big 12'),
(43, 'Kansas Jayhawks', 'Kansas', 'University of Kansas', 'Big 12'),
(44, 'Kansas State Wildcats', 'Kansas State', 'Kansas State University', 'Big 12'),
(45, 'Kentucky Wildcats', 'Kentucky', 'University of Kentucky', 'SEC'),
(46, 'Louisville Cardinals', 'Louisville', 'University of Louisville', 'American'),
(47, 'WKU Hilltoppers', 'WKU', 'Western Kentucky University', 'Sun Belt'),
(48, 'LouisianaLafayette Ragin'' Cajuns', 'Louisiana Lafayette', 'University of Louisiana at Lafayette', 'Sun Belt'),
(49, 'LouisianaMonroe Warhawks', 'Louisiana Monroe ', 'University of Louisiana at Monroe', 'Sun Belt'),
(50, 'Louisiana Tech Bulldogs', 'Louisiana Tech', 'Louisiana Tech University', 'C-USA'),
(51, 'LSU Tigers', 'LSU', 'Louisiana State University', 'SEC'),
(52, 'Tulane Green Wave', 'Tulane', 'Tulane University', 'C-USA'),
(53, 'Maryland Terrapins', 'Maryland', 'University of Maryland, College Park', 'Big Ten'),
(54, 'Navy Midshipmen', 'Navy', 'United States Naval Academy', 'Independent'),
(55, 'Boston College Eagles', 'Boston College', 'Boston College', 'ACC'),
(56, 'UMass Minutemen', 'UMass', 'University of Massachusetts Amherst', 'MAC'),
(57, 'Central Michigan Chippewas', 'Central Michigan', 'Central Michigan University', 'MAC'),
(58, 'Eastern Michigan Eagles', 'Eastern Michigan', 'Eastern Michigan University', 'MAC'),
(59, 'Michigan Wolverines', 'Michigan', 'University of Michigan', 'Big Ten'),
(60, 'Michigan State Spartans', 'Michigan State', 'Michigan State University', 'Big Ten'),
(61, 'Western Michigan Broncos', 'Western Michigan', 'Western Michigan University', 'MAC'),
(62, 'Minnesota Golden Gophers', 'Minnesota', 'University of Minnesota Twin Cities', 'Big Ten'),
(63, 'Mississippi State Bulldogs', 'Mississippi State', 'Mississippi State University', 'SEC'),
(64, 'Ole Miss Rebels', 'Ole Miss', 'University of Mississippi', 'SEC'),
(65, 'Southern Miss Golden Eagles', 'Southern Miss', 'University of Southern Mississippi', 'C-USA'),
(66, 'Missouri Tigers', 'Missouri', 'University of Missouri', 'SEC'),
(67, 'Nebraska Cornhuskers', 'Nebraska', 'University of NebraskaLincoln', 'Big Ten'),
(68, 'Nevada Wolf Pack', 'Nevada', 'University of Nevada, Reno', 'Mountain West'),
(69, 'UNLV Rebels', 'UNLV', 'University of Nevada, Las Vegas', 'Mountain West'),
(70, 'Rutgers Scarlet Knights', 'Rutgers', 'Rutgers University', 'American'),
(71, 'New Mexico Lobos', 'New Mexico', 'University of New Mexico', 'Mountain West'),
(72, 'New Mexico State Aggies', 'New Mexico State', 'New Mexico State University', 'Independent'),
(73, 'Army Black Knights', 'Army', 'United States Military Academy', 'Independent'),
(74, 'Buffalo Bulls', 'Buffalo', 'University at Buffalo, The State University of New York', 'MAC'),
(75, 'Syracuse Orange', 'Syracuse', 'Syracuse University', 'ACC'),
(76, 'Duke Blue Devils', 'Duke', 'Duke University', 'ACC'),
(77, 'East Carolina Pirates', 'East Carolina', 'East Carolina University', 'C-USA'),
(78, 'North Carolina Tar Heels', 'North Carolina', 'University of North Carolina at Chapel Hill', 'ACC'),
(79, 'NC State Wolfpack', 'North Carolina State', 'North Carolina State University', 'ACC'),
(80, 'Wake Forest Demon Deacons', 'Wake Forest', 'Wake Forest University', 'ACC'),
(81, 'Akron Zips', 'Akron', 'University of Akron', 'MAC'),
(82, 'Bowling Green Falcons', 'Bowling Green', 'Bowling Green State University', 'MAC'),
(83, 'Cincinnati Bearcats', 'Cincinnati', 'University of Cincinnati', 'American'),
(84, 'Kent State Golden Flashes', 'Kent State', 'Kent State University', 'MAC'),
(85, 'Miami RedHawks', 'Miami University', 'Miami University', 'MAC'),
(86, 'Ohio Bobcats', 'Ohio', 'Ohio University', 'MAC'),
(87, 'Ohio State Buckeyes', 'Ohio State', 'Ohio State University', 'Big Ten'),
(88, 'Toledo Rockets', 'Toledo', 'University of Toledo', 'MAC'),
(89, 'Oklahoma Sooners', 'Oklahoma', 'University of Oklahoma', 'Big 12'),
(90, 'Oklahoma State Cowboys', 'Oklahoma State', 'Oklahoma State University', 'Big 12'),
(91, 'Tulsa Golden Hurricane', 'Tulsa', 'University of Tulsa', 'C-USA'),
(92, 'Oregon Ducks', 'Oregon', 'University of Oregon', 'Pac-12'),
(93, 'Oregon State Beavers', 'Oregon State', 'Oregon State University', 'Pac-12'),
(94, 'Penn State Nittany Lions', 'Penn State', 'Pennsylvania State University', 'Big Ten'),
(95, 'Pittsburgh Panthers', 'Pittsburgh', 'University of Pittsburgh', 'ACC'),
(96, 'Temple Owls', 'Temple', 'Temple University', 'American'),
(97, 'Clemson Tigers', 'Clemson', 'Clemson University', 'ACC'),
(98, 'South Carolina Gamecocks', 'South Carolina', 'University of South Carolina', 'SEC'),
(99, 'Memphis Tigers', 'Memphis', 'University of Memphis', 'American'),
(100, 'Middle Tennessee Blue Raiders', 'Middle Tennessee', 'Middle Tennessee State University', 'C-USA'),
(101, 'Tennessee Volunteers', 'Tennessee', 'University of Tennessee', 'SEC'),
(102, 'Vanderbilt Commodores', 'Vanderbilt', 'Vanderbilt University', 'SEC'),
(103, 'Baylor Bears', 'Baylor', 'Baylor University', 'Big 12'),
(104, 'Houston Cougars', 'Houston', 'University of Houston', 'American'),
(105, 'North Texas Mean Green', 'North Texas', 'University of North Texas', 'C-USA'),
(106, 'Rice Owls', 'Rice', 'Rice University', 'C-USA'),
(107, 'SMU Mustangs', 'SMU', 'Southern Methodist University', 'American'),
(108, 'TCU Horned Frogs', 'TCU', 'Texas Christian University', 'Big 12'),
(109, 'Texas Longhorns', 'Texas', 'University of Texas at Austin', 'Big 12'),
(110, 'Texas A&M Aggies', 'Texas A&M', 'Texas A&M University', 'SEC'),
(111, 'Texas State Bobcats', 'Texas State', 'Texas State UniversitySan Marcos', 'Sun Belt'),
(112, 'Texas Tech Red Raiders', 'Texas Tech', 'Texas Tech University', 'Big 12'),
(113, 'UTEP Miners', 'UTEP', 'University of Texas at El Paso', 'C-USA'),
(114, 'UTSA Roadrunners', 'UTSA', 'University of Texas at San Antonio', 'C-USA'),
(115, 'BYU Cougars', 'Brigham Young', 'Brigham Young University', 'Independent'),
(116, 'Utah Utes', 'Utah', 'University of Utah', 'Pac-12'),
(117, 'Utah State Aggies', 'Utah State', 'Utah State University', 'Mountain West'),
(118, 'Virginia Cavaliers', 'Virginia', 'University of Virginia', 'ACC'),
(119, 'Virginia Tech Hokies', 'Virginia Tech', 'Virginia Polytechnic Institute and State University', 'ACC'),
(120, 'Washington Huskies', 'Washington', 'University of Washington', 'Pac-12'),
(121, 'Washington State Cougars', 'WSU', 'Washington State University', 'Pac-12'),
(122, 'Marshall Thundering Herd', 'Marshall', 'Marshall University', 'C-USA'),
(123, 'West Virginia Mountaineers', 'West Virginia', 'West Virginia University', 'Big 12'),
(124, 'Wisconsin Badgers', 'Wisconsin', 'University of Wisconsin Madison', 'Big Ten'),
(125, 'Wyoming Cowboys', 'Wyoming', 'University of Wyoming', 'Mountain West');

/*!40101 SET CHARACTER_SET_CLIENT=@OLD_CHARACTER_SET_CLIENT */;
/*!40101 SET CHARACTER_SET_RESULTS=@OLD_CHARACTER_SET_RESULTS */;
/*!40101 SET COLLATION_CONNECTION=@OLD_COLLATION_CONNECTION */;
